product_name;order_date;quantity;sales;region;profit;discount
Dumbbells Fuga;07/02/2025;5;398485;South;21266.93;5
Lamp Libero;01/10/2024;5;393580;North;75345.21;20
Rice A;10/05/2024;5;391910;East;34000.6;20
Camera Repellendus;25/03/2024;5;382185;East;20628.52;15
Mixer Grinder Voluptatum;22/07/2025;5;380045;West;87688.21;10
Rice Nobis;20/09/2024;5;379965;West;64504.3;15
Fiction Sapiente;23/02/2024;5;377387.5;West;74951.75;5
Sugar Suscipit;24/05/2025;5;377297.25;North;75188.15;10
Lipstick Facilis;26/03/2025;5;377080;North;86486.3;20
Comics Voluptatibus;29/05/2024;5;376725;West;19604.94;15
Tennis Racket Voluptatum;07/07/2025;5;374035;North;31406.25;20
Fiction Voluptates;24/05/2025;5;373915;South;43357.72;10
Shampoo Fugit;16/10/2024;5;373500;North;43137.24;5
Women's Wear Sit;12/11/2024;5;373455;East;47947.78;0
Shampoo Reprehenderit;30/04/2025;5;372713.5;North;82744.41;5
Wall Art Veniam;07/07/2025;5;372330;East;68748.62;10
Chair Numquam;31/03/2025;5;370956;South;80162.41;15
Women's Wear Fugiat;25/10/2024;5;370685;South;39294.02;10
Football Expedita;31/07/2024;5;368942;East;39518.29;20
Sugar Voluptates;09/10/2023;5;368275;West;89688.44;5
Tennis Racket Culpa;12/02/2025;5;367179.75;West;63169.35;20
Bed Accusamus;19/12/2024;5;361695;North;32722.88;15
Kids Wear Sit;13/09/2025;5;359460;West;64220.07;20
Camera Consequatur;15/06/2024;5;358938.5;East;76355.62;10
Sofa Perspiciatis;27/09/2024;5;358385;North;44017.51;20
Laptop Reiciendis;30/10/2024;5;358200;South;58879.57;5
Accessories Est;16/04/2024;5;355720;North;51224.26;0
Clock Distinctio;01/07/2024;5;355216.5;East;38822.67;0
Sofa Dolor;25/02/2025;5;354706.25;North;21695.58;20
Accessories Repellendus;14/08/2024;5;353172;North;60835.67;15
Perfume Mollitia;09/01/2025;5;352555;West;50630.69;10
Face Cream Dolorem;12/07/2025;5;352179.25;North;71866.56;5
Lamp Suscipit;22/07/2024;5;352051;West;41927.76;20
Doll Nulla;22/12/2024;5;350240;East;31237.23;20
Shoes Nihil;10/06/2024;5;349832.75;South;41408.8;20
Shoes Accusamus;30/12/2024;5;348970;South;61506.89;15
Women's Wear Magni;29/12/2023;5;348650;West;69633.16;0
Rice Optio;01/06/2024;5;348355;North;24008.28;5
Accessories Sit;07/05/2024;5;348222.5;East;24671.88;0
Laptop Doloribus;15/10/2023;5;347787;North;51062.36;10
Men's Wear Eius;21/08/2024;5;345415.5;East;17880.1;20
Kids Wear Mollitia;20/10/2023;5;345000;North;35733.6;5
Lamp Quae;18/08/2025;5;344702.75;West;34711.94;0
Smartwatch Corrupti;03/08/2025;5;344245.5;South;71278.79;20
Cushion Rem;13/12/2024;5;343966.5;East;71314.27;0
Cricket Bat Doloremque;10/01/2024;5;343630;West;60282.44;15
Juicer Inventore;04/03/2024;5;343040;North;77964.03;10
Headphones Maiores;06/05/2024;5;342567;West;48726.33;5
Refrigerator Cumque;30/10/2023;5;342335;North;20449.81;10
Wall Art Quod;19/05/2025;5;342166.5;West;44452.2;0
Tennis Racket Aliquid;07/05/2024;5;342040;East;27572.52;5
Wheat Magnam;16/11/2023;5;341830;East;20138.48;5
Board Game Ipsam;31/08/2024;5;341534.5;West;17532.09;0
Cushion Minus;17/04/2024;5;340765;West;26430.68;20
Headphones Totam;06/09/2024;5;339844.5;East;82804.05;15
Clock Amet;15/09/2024;5;339824.5;North;35606.12;0
Sugar Qui;30/12/2023;5;338971.5;East;22101.23;0
Cushion Eligendi;23/09/2024;5;338810;East;56858.14;15
Headphones Accusantium;23/10/2023;5;338545;West;81868.89;15
Shoes Eius;08/09/2025;5;338376.5;West;60728.83;10
Biography Sequi;16/08/2025;5;338219;West;74570.86;0
Microwave Reiciendis;02/07/2025;5;338067;South;61986.26;15
Sugar Excepturi;22/04/2024;5;337675.25;West;80309.87;10
Puzzle Ipsa;07/04/2025;5;337581.75;West;66149.91;5
Biography Quibusdam;10/06/2025;5;337454.25;South;69191.11;15
Face Cream Quaerat;19/01/2025;5;336766.5;North;17376.34;0
Lamp Perspiciatis;03/04/2024;5;336306.75;West;41387.57;10
Textbook Soluta;18/11/2024;5;335573.25;West;18606.62;5
Camera Et;23/12/2024;5;335565;East;56792.28;0
Laptop Commodi;08/06/2025;5;335135;East;54837.31;10
Men's Wear Voluptatibus;02/12/2023;5;334979.5;South;44339.83;5
Tennis Racket Laboriosam;07/04/2024;5;334107;East;27522.2;20
Board Game Eos;01/01/2024;5;333738;North;74227.75;15
Foundation Necessitatibus;10/05/2025;5;333535.5;West;29686.68;15
Sofa Tempora;30/12/2024;5;333200;North;72215.26;20
Microwave Porro;29/09/2025;5;331497.75;West;46854.82;10
Tennis Racket Praesentium;09/08/2024;5;330457.5;North;16717.94;10
Laptop Error;24/05/2024;5;329773.5;South;71073.74;20
Wall Art A;22/04/2024;5;328101.5;West;47968.41;15
Mixer Grinder Doloribus;05/09/2025;5;327955.5;West;45670.48;10
Accessories Nulla;17/11/2023;5;327690;South;25776.29;5
Wall Art Cum;09/12/2024;5;327640.5;South;54717.2;0
Board Game Consectetur;17/07/2024;5;327536.25;East;66432.74;10
Headphones Illo;21/09/2025;5;327411;West;50382.9;20
Tennis Racket Sed;30/04/2025;5;327339;East;24202.61;5
Cookware Set Eos;22/11/2024;5;325953;East;21190.7;0
Perfume Maxime;12/02/2025;5;325580;West;68224.67;0
Puzzle Illo;06/07/2024;5;325316.25;North;41394.12;5
Fiction Quod;18/07/2025;5;324950;South;37182.7;5
Vase Laboriosam;21/10/2024;5;324859.5;West;53183.45;15
Women's Wear Hic;24/09/2025;5;324670.25;East;54862.51;0
Camera Optio;20/07/2025;5;323478;North;42505.17;15
Lipstick Fuga;24/10/2024;5;323365.75;East;56820.68;5
Oil Vel;01/10/2025;5;322014;South;19695.76;5
Textbook Numquam;27/11/2024;5;321593.25;East;40730.55;20
Face Cream Tempora;11/04/2024;5;321151.25;West;40472.69;0
Cookware Set Ipsa;06/09/2024;5;321113;East;46952.81;15
Face Cream Porro;07/01/2024;5;320819.75;West;24580.16;0
Men's Wear Repellat;09/01/2025;5;320431.5;South;33894.31;0
Shoes Vero;21/12/2024;5;320278.25;North;58964.24;10
Comics Nemo;25/11/2024;5;319210;South;71769.95;10
Yoga Mat Optio;12/02/2024;5;319065;East;36797.04;10
Football A;21/03/2025;4;318848;East;36875.17;20
Perfume Voluptates;28/06/2024;5;318546;West;72829.75;15
Textbook Placeat;19/11/2024;5;318150;North;61460.96;15
Lipstick Accusamus;09/12/2024;5;317555;West;75212.33;20
Puzzle Autem;31/10/2024;5;317488.5;South;40720.64;5
Lipstick Tenetur;24/02/2024;4;317352;South;24679.03;10
Face Cream In;24/05/2025;4;316504;North;60652.87;10
Men's Wear Incidunt;01/10/2024;5;316493.25;West;60045.23;10
Microwave Animi;24/10/2023;5;316141;North;21382.75;10
Oil Accusamus;22/05/2024;5;315968;North;58414.79;20
Smartwatch Rem;28/07/2025;5;315925;South;77192.1;20
Fiction Doloremque;26/05/2024;4;315732;South;42110.49;0
Lamp Veritatis;13/09/2024;5;315335;South;16130.55;15
Puzzle Deserunt;27/08/2025;5;315064;West;44013.36;20
Perfume Ducimus;01/04/2025;4;314584;East;25851.76;10
RC Car Omnis;14/01/2024;4;314356;East;31464.36;5
Men's Wear Voluptatibus;29/04/2024;5;314068.5;West;73960.76;20
Non-Fiction Quis;18/05/2024;5;314008.25;South;48260.38;15
Textbook Dolore;12/01/2025;4;313508;South;31018.89;5
Accessories Facilis;23/08/2025;5;313452;South;17200.72;0
Headphones Reiciendis;29/09/2025;5;313015.5;North;46083.59;20
Puzzle Perspiciatis;13/06/2024;4;312964;North;26867.45;20
Lamp Voluptatibus;10/04/2024;5;312912;North;52683.49;15
Camera Inventore;10/11/2024;5;312692.5;East;35825.33;15
Cookware Set Voluptates;08/11/2023;5;312445.5;North;68446.84;10
Biography Optio;28/06/2024;5;312051.25;West;52303.46;0
Cushion Quos;24/11/2024;5;311932;North;44766;10
Cabinet Asperiores;24/03/2025;5;311815;South;67265.59;15
Refrigerator Aliquid;28/05/2024;5;311746;South;42399.24;5
Vase Ea;15/03/2024;5;311690.25;East;67820.74;20
Vase Rerum;22/11/2024;5;311533.5;East;49260.51;15
Non-Fiction Totam;14/11/2024;5;311152.5;North;61304.08;15
RC Car Quia;10/05/2025;4;311072;South;54804.85;5
Foundation Eius;08/07/2025;4;310972;West;46204.22;5
Accessories Ipsa;20/02/2024;5;310615.5;East;40730.6;5
Tennis Racket Modi;19/08/2024;5;310512;West;69855.18;0
Textbook Omnis;12/10/2024;5;310113.25;East;55673.58;5
Microwave Eius;13/02/2025;5;309854.75;East;59977.25;5
Smartwatch Inventore;29/12/2023;5;309745;South;31990.52;10
Foundation Quisquam;03/08/2025;5;309657.25;North;52875.95;0
Fiction Id;12/01/2025;5;308860;East;29593.58;5
Lipstick Maiores;07/06/2025;5;308624;South;23072.14;0
Vase Eveniet;28/04/2024;5;307933.75;East;29043.49;5
Bed Autem;17/01/2024;5;307660;South;17078.5;15
Board Game Consequuntur;18/09/2024;5;307128;West;47122.1;15
Cushion Aliquam;07/03/2025;5;306948;North;64842.86;20
Rice Quas;28/06/2025;4;306908;East;43168.59;5
Oil Natus;17/04/2024;5;306705;West;54809.56;10
Sofa Atque;23/10/2024;5;306571.5;North;51208.5;5
Non-Fiction In;12/04/2024;5;305031;South;42045.35;10
Doll Incidunt;21/03/2025;4;304932;North;36668.09;0
Sofa Repudiandae;14/08/2025;5;304904;West;22939.07;5
Lamp Soluta;30/07/2024;5;304275.5;North;73168.8;5
Action Figure Accusantium;22/03/2024;5;303615.75;West;70173.14;5
Lipstick Numquam;26/10/2024;5;303544;East;53880.28;15
Men's Wear Saepe;11/10/2023;5;302904;North;32229.38;0
Microwave Provident;11/01/2024;5;302863.5;East;39925.81;0
Lamp Enim;21/07/2024;5;302315;West;32487.86;10
Cabinet Aliquam;11/07/2024;5;302160;West;19963.71;0
Action Figure Amet;22/05/2025;4;301772;East;15437.13;20
Laptop Similique;29/05/2025;5;301432;East;68696.01;0
Wall Art Explicabo;16/07/2024;4;300772;South;16853.48;15
Clock Enim;10/01/2024;5;300757.5;North;47167.33;5
Football Modi;29/11/2023;5;300618;West;62609.44;5
Accessories Minima;31/08/2024;5;300262.5;West;15684.81;15
Accessories Sequi;15/06/2024;5;300105.25;West;63166.95;10
Smartwatch Eum;18/06/2025;5;299960.75;South;30248.57;0
Oil Dolorum;14/02/2024;4;299796;North;35714.75;10
Bed Tenetur;20/01/2025;4;299560;East;30319.01;0
Fiction Totam;23/04/2025;4;299220;North;15617.58;15
Men's Wear Maxime;21/12/2024;4;299164;South;34058.98;0
Lamp Similique;28/07/2024;5;299116;East;25440.68;10
Mobile Aspernatur;15/01/2025;4;298588.8;East;66122.26;20
Dumbbells Exercitationem;13/02/2024;5;298219.5;North;52820.32;15
Lipstick Alias;11/06/2025;4;297496;North;46932.25;0
Vase Quisquam;13/02/2025;4;296867.4;West;35529.65;10
Rice Nam;29/10/2024;5;296664;East;54818.48;20
Bed Tenetur;25/10/2023;5;296105.5;West;54528.52;0
Tennis Racket Molestiae;30/08/2025;5;295950;South;41811.64;20
Perfume Neque;09/10/2024;4;295896;South;36664.27;0
Rice Ullam;18/07/2024;5;295357.5;East;58308.1;0
Fiction Hic;06/01/2024;5;295264.5;East;33425.13;10
Lamp Recusandae;16/09/2025;4;295222;South;39391.98;0
Accessories Corporis;21/07/2025;5;295200;North;63951.15;5
Sofa Necessitatibus;02/01/2025;4;294756;South;24646.64;15
Vase Labore;22/08/2024;5;294333.75;South;42326.5;0
Chair Officia;08/03/2024;5;294129.75;North;44408.76;10
Smartwatch Consequatur;26/06/2024;4;294008;East;18131.14;20
Spices Dolores;29/12/2023;5;293845;East;26123.24;15
Spices Maxime;11/11/2024;5;293628;East;53157.05;10
Juicer Quas;11/11/2023;5;293572;South;37544.54;20
Women's Wear Eaque;29/06/2025;4;293219.4;West;68138.69;5
Action Figure Mollitia;15/10/2023;5;292970.5;North;65354.37;15
Lipstick Accusamus;09/06/2025;4;292848;West;43805.32;0
Men's Wear Repudiandae;27/09/2024;5;292837.5;West;19061.01;10
Table Atque;19/10/2023;5;292723.5;West;71120.16;5
Oil Illum;03/09/2025;5;292616;West;39500.59;10
Bed Occaecati;29/12/2024;5;292460;North;24552.77;20
Accessories Assumenda;13/01/2025;5;292357.5;West;71420.71;15
Cricket Bat Voluptatum;11/12/2023;4;291243.4;East;40522.22;20
Rice Culpa;22/02/2024;5;291137.75;North;35054.49;5
Sugar Rerum;14/11/2024;4;290984;West;61010.16;10
Wheat Nulla;17/03/2024;5;290885;East;63620.24;5
Microwave Ipsum;15/01/2024;4;290836;West;32501.93;10
Accessories Eaque;14/03/2024;4;290548;West;37770.26;10
Non-Fiction Reprehenderit;14/03/2024;5;289980;West;60817.43;5
Sofa Repellat;08/10/2023;5;289868.75;West;29163.34;0
Smartwatch Placeat;18/02/2024;5;289804.5;East;38368.67;5
Men's Wear Aliquid;21/05/2024;5;289565;West;61458.27;5
Sofa Ea;16/09/2024;5;289180;South;45698.23;10
Textbook Animi;01/02/2025;5;289044;West;51823.53;10
Non-Fiction Ipsum;07/01/2024;5;288955;South;40433.92;5
Fiction Reprehenderit;10/08/2024;4;288921.6;South;14845.82;0
Puzzle Temporibus;09/02/2024;5;288913.5;South;30405.59;15
Shoes Est;25/04/2025;5;288900;East;67695.04;15
Chair Explicabo;17/07/2025;4;288895;North;16878.74;20
Mixer Grinder Placeat;14/05/2024;5;288705;North;70358.14;10
Wheat Voluptate;23/03/2025;5;288632;South;67741.6;15
Table Quam;08/03/2025;5;288341.25;West;38370.6;15
Doll Ab;23/09/2024;4;288203.4;South;38958.84;15
Mobile Deleniti;20/10/2023;5;287952;West;45956.11;5
Refrigerator Maiores;14/11/2023;4;287884.2;West;27464.79;15
Tennis Racket Sapiente;03/09/2025;5;287432;West;41217.09;0
Shoes Odio;31/08/2024;4;287004;West;23632.48;0
Dumbbells Repellendus;18/07/2025;4;285753.6;North;63249.01;10
Sugar Provident;10/05/2024;4;285570;North;24832.66;10
RC Car Sequi;04/09/2024;4;285316;South;44267.62;10
Shampoo Enim;02/10/2025;5;284796;West;34565.09;20
Sugar Vitae;19/11/2023;5;283855.25;East;64522.53;20
Comics Earum;06/09/2025;5;283801.5;North;48806.87;20
Accessories Pariatur;02/12/2023;5;283532.25;South;43006.04;20
Kids Wear Accusamus;31/07/2024;5;283394.5;East;63463.71;5
Chair At;30/01/2025;5;283352;East;59929.82;15
Yoga Mat Facilis;20/10/2024;4;283214;West;66074.46;20
Wheat Nemo;28/08/2024;5;283122.25;South;28551.53;0
Sofa Iure;11/10/2023;5;282896;South;34980.08;15
Wall Art Amet;27/05/2025;4;282877.2;East;41965.03;20
Wall Art Saepe;14/05/2024;5;282750;South;58546.01;10
Chair Voluptate;14/06/2024;4;282450.2;East;39218.71;15
Wall Art Quia;04/03/2025;5;282378;South;67947.89;0
Camera Voluptate;03/03/2025;5;282260;East;32676.94;20
Perfume Dolor;07/07/2024;5;282118.5;South;17582.89;0
Yoga Mat Dolore;03/05/2025;5;281836;West;40119.35;15
Wheat Suscipit;29/12/2024;5;281396;South;35694.42;15
RC Car Iure;18/03/2025;4;281188.6;South;55793.97;10
Football In;05/11/2024;4;280922.6;East;67840.71;15
Headphones Laudantium;15/03/2024;4;280820;East;59885;15
Kids Wear Culpa;23/05/2025;4;280728.8;East;64667.96;15
Lipstick Totam;16/06/2025;4;280516;West;25372.1;5
Kids Wear Error;02/08/2024;5;280297.5;North;33128.62;5
Face Cream Repellendus;09/08/2024;5;280138.5;South;64872.65;0
Cookware Set Blanditiis;06/12/2024;4;279892.8;West;17589.47;10
Rice Error;26/11/2023;5;279550;East;29798.57;10
Cricket Bat Asperiores;21/03/2025;5;279513.75;North;53166.56;5
Lipstick Eligendi;20/07/2024;4;279183.6;West;37205.72;20
Comics Atque;08/06/2024;4;279064;North;36617.59;10
Yoga Mat Voluptatem;31/05/2025;5;278914.5;North;30971.48;5
Comics Facilis;12/05/2025;5;278617.5;South;23888.73;5
Vase Odit;17/08/2025;5;278510;South;37498.64;0
Sofa Vitae;25/04/2024;5;278347.5;East;45876.9;10
Lamp Magni;27/02/2025;5;278332.5;North;25278.29;10
Football Distinctio;13/04/2024;4;278247.6;South;27845.6;20
Mobile Maxime;26/03/2024;4;277952;East;62478.5;10
Lamp Veritatis;03/05/2024;5;277794;East;35313.13;20
Doll Sint;19/08/2025;5;277552;East;24830.38;5
Face Cream Quisquam;25/08/2025;5;277129.25;North;19592.83;10
Smartwatch Quia;14/10/2023;5;277087.5;South;65900.41;20
Football Tempora;14/09/2024;5;276288.5;South;50119.67;20
Perfume Qui;08/01/2025;4;276267.6;East;35015.76;0
Foundation Sed;07/09/2025;4;276184.8;East;32995.21;10
Bed A;02/08/2024;5;276088.5;East;68739.3;15
Sofa Dolore;10/06/2024;5;275872;South;58633.92;15
Women's Wear Incidunt;15/02/2024;4;275852;East;30755.32;10
Cookware Set Libero;04/03/2025;4;275673.6;South;39540.52;20
Cricket Bat Eius;17/08/2024;5;275228;North;64282.84;5
Clock Recusandae;16/03/2025;5;275152;West;59336.8;5
Shampoo Dignissimos;18/04/2025;4;275084;South;17206.97;5
Women's Wear Quidem;18/04/2024;4;274876.8;East;25096.29;10
Wheat Molestias;02/10/2024;5;274864;East;25784.16;15
Action Figure Ipsum;11/05/2024;4;274838.4;East;62452.3;10
Doll Ex;13/12/2024;5;274725;East;67363.85;5
Spices Provident;06/09/2025;5;274590;South;67381.45;10
Action Figure Nulla;20/12/2024;5;274576.5;South;40569.94;0
Clock Et;16/09/2024;4;274276.4;West;58464.48;10
Comics Nulla;16/12/2024;5;274244;North;40371.89;5
Refrigerator A;15/06/2024;4;274100.4;East;39517.42;5
Textbook Iusto;05/03/2025;5;273844;North;47657.53;10
Wall Art Numquam;06/02/2024;4;273413.8;West;57713.74;20
Doll Laborum;01/07/2025;5;273405.25;South;26969.18;15
Wheat Quod;29/08/2024;4;272955.6;South;60121.92;20
Sofa Animi;16/03/2024;5;272830;West;49265.05;0
Spices Quibusdam;01/08/2025;4;272724;South;47541.58;5
Action Figure Molestias;03/12/2024;5;272612;North;18472.82;5
Smartwatch Error;27/05/2025;5;272340;South;36096.65;0
Non-Fiction Molestiae;20/04/2024;4;271944;East;23716.74;5
Fiction Voluptas;06/10/2024;4;271760.4;North;27433.78;15
Smartwatch Tenetur;05/12/2024;4;271624;South;59618;5
Vase Minima;11/02/2024;5;271426.5;North;29407.84;5
Women's Wear Sequi;04/12/2023;5;271354.5;West;29546.39;0
Mobile Asperiores;21/02/2025;4;271340;East;43514.49;5
Laptop Voluptatum;04/07/2025;5;271068.25;North;23095.88;20
Cushion Quasi;21/08/2025;4;270461.2;West;51178.34;10
Fiction Nemo;26/11/2023;5;270185;South;58810.96;0
Table Magni;28/06/2025;4;270172.4;North;55080.3;15
Doll Odio;31/10/2023;4;269914;East;65933.8;10
Wheat Blanditiis;01/04/2025;4;269504;North;15498.78;10
Headphones Aperiam;06/03/2024;4;269413.2;South;47063.23;0
Mobile Nesciunt;15/05/2025;5;268650;North;37731.64;5
Action Figure Cum;27/12/2023;4;268348.4;South;50743.1;5
Table Pariatur;30/06/2025;5;268276;East;46456.92;20
Face Cream Iure;30/06/2025;4;268264.8;East;57443.39;0
Tennis Racket Nobis;03/09/2024;4;268260;North;17206.02;0
RC Car Dolores;08/06/2025;5;268128;North;23650.99;10
Lamp Perspiciatis;27/02/2025;5;267615;East;65872.81;15
Headphones Voluptates;14/10/2024;4;267210;South;19685;10
Face Cream Voluptatum;15/06/2025;5;267065.75;West;14465.93;5
Shampoo Molestias;07/08/2025;5;267053;West;64508.18;10
Men's Wear Quasi;15/05/2025;4;267014.6;North;32751.6;0
Non-Fiction Nihil;26/09/2024;4;266937.4;North;50474.22;15
Mobile At;05/05/2025;4;266912;West;63455.49;15
Cabinet Nostrum;19/04/2025;5;266808;West;57998.38;15
Fiction Quos;20/08/2024;5;266460.75;West;29233.39;0
Refrigerator Maiores;25/02/2024;5;266460;East;22429.77;20
Oil Iusto;02/10/2024;5;265780;East;45958.29;5
Doll Quasi;01/06/2025;4;265761;East;39305.02;0
Smartwatch Sit;02/04/2025;4;265707.4;South;26037.95;20
Clock Minima;22/02/2024;5;265684;North;33071.17;0
Accessories Perspiciatis;03/06/2024;4;265568;South;59731.79;10
Oil Velit;17/08/2025;5;265016;West;56861.84;0
Biography Distinctio;18/11/2024;4;264862.8;South;41051.44;10
Football Ducimus;11/04/2024;4;264762;North;36604.12;10
Microwave Fugiat;11/10/2024;5;264575.25;South;18454.31;15
Cushion Quae;30/05/2024;4;264204;West;20530.46;0
Fiction Laborum;04/01/2024;4;263836.8;South;56203.35;5
Comics Esse;08/10/2023;5;263736;South;28829.07;15
Tennis Racket Ipsam;02/03/2025;4;263574.8;East;59364.54;15
Men's Wear Praesentium;17/11/2023;5;263434.5;West;53823.6;0
Shampoo Commodi;15/06/2024;5;263075;East;30507.31;5
Men's Wear Et;14/07/2024;5;262896;East;21487.22;15
Non-Fiction Quae;18/12/2024;4;262879.2;East;36854.33;20
RC Car Cum;18/04/2025;5;262844;East;44974.32;20
Puzzle Corrupti;11/03/2025;4;262636;West;33936.98;5
Board Game Autem;09/10/2023;4;262557.2;South;26050.67;5
Clock Eaque;18/02/2024;5;262545;West;52053.33;15
Cabinet Aliquid;09/08/2025;4;262295;East;43946.95;5
Doll Ipsam;04/03/2025;5;262288.75;South;53719.58;15
RC Car Nihil;20/12/2024;5;262271.25;East;60529.81;10
Spices Cumque;02/11/2024;4;262238.4;East;28564.38;20
Lipstick Laborum;09/12/2024;4;261928;North;55149.77;0
Kids Wear Reprehenderit;15/05/2024;5;261839;West;41134.24;20
RC Car Optio;19/12/2024;4;261032.4;South;59195.25;20
Mixer Grinder Nobis;04/05/2025;4;260978.4;West;56512.09;5
Bed Dolore;15/01/2025;5;260495.25;North;29361.36;20
Bed Consectetur;29/11/2023;4;260488;North;20230.01;10
Wall Art Tenetur;29/12/2023;5;260200;South;18189.62;20
Accessories Maiores;16/07/2025;5;259735.5;South;53930;0
Cabinet Earum;25/10/2024;5;259628;East;28981.01;10
Fiction Quis;06/05/2024;4;259617.2;East;46078.9;10
Tennis Racket Fugit;18/11/2023;5;259488;West;23297.72;15
Table Iusto;17/04/2024;4;259477.2;West;34177.07;5
Accessories Voluptatum;12/11/2023;4;259436;West;19911.6;5
Sofa Odit;20/05/2025;4;259178.4;South;51430.67;0
Perfume Repudiandae;27/01/2024;4;259035.8;North;13021.68;15
Laptop Voluptatem;29/12/2024;4;258648;West;33868.65;0
Juicer Molestiae;29/11/2024;5;258475;East;33531.33;5
Puzzle Nesciunt;14/03/2024;5;258344.75;North;33333.56;15
Clock Quasi;01/07/2025;4;257918.4;East;63122.97;15
Juicer Nobis;23/10/2023;4;257886.6;West;55318.94;20
Foundation Officia;16/10/2023;4;257712;West;26012.11;0
Headphones Accusantium;22/10/2024;5;257524.5;North;18555.34;20
Juicer Itaque;19/11/2024;5;257363;South;20849.71;10
Accessories Velit;14/11/2024;4;257161.2;East;13974.84;5
Bed Quaerat;10/03/2024;4;257014.8;West;38065.55;20
Oil Magni;28/10/2023;4;256435.4;South;48469.58;0
Rice Incidunt;23/10/2024;5;256420;South;61655.17;0
Lamp Molestiae;13/06/2024;4;256405;East;59425.58;10
Cookware Set Dolore;29/05/2024;5;255806.5;West;27845.18;5
Puzzle Repellendus;24/08/2025;4;255584.2;North;24050.17;20
Lamp Exercitationem;11/09/2024;4;255371.4;North;24419.38;5
RC Car Inventore;19/12/2024;5;255316.5;North;54733.9;5
Laptop Voluptatibus;15/11/2023;4;255308.8;East;42298.42;5
Face Cream Maxime;20/10/2024;4;255173.8;North;16707.86;0
Cricket Bat Ullam;24/07/2024;5;254940;North;62980.23;20
Dumbbells Sapiente;29/09/2024;4;254800;South;19752.17;20
RC Car Quis;24/05/2025;4;254768.4;West;19022.63;15
Wall Art Eveniet;09/03/2025;4;254641.8;South;54231.05;10
Action Figure Totam;09/07/2024;5;254635;North;53139.54;15
Spices Dicta;21/11/2023;4;254444.2;East;37018.36;15
Clock Porro;22/11/2023;4;254435.6;East;61038.1;15
Face Cream Ad;27/05/2025;5;254196;South;13759.33;0
Women's Wear Illum;23/04/2025;4;254068.4;East;14388.64;15
Refrigerator Quae;16/07/2025;5;253875;South;22939.3;5
Smartwatch Dolorum;28/05/2025;5;253750.5;East;33269.7;20
Refrigerator Perferendis;22/06/2024;4;253748;South;16868.36;15
Spices Non;23/06/2025;4;253683.2;West;28531.58;5
Textbook Debitis;17/05/2024;4;253627.2;East;43553.38;15
RC Car Eum;10/02/2024;5;253352;South;41372.55;15
Non-Fiction Occaecati;01/05/2025;5;252937.5;East;61936.61;10
Shampoo Voluptate;08/02/2025;5;252908;South;19686.13;10
Refrigerator Explicabo;07/06/2024;4;252531.6;South;62582.91;10
Cushion Beatae;18/06/2024;5;252518;South;30404.67;5
Men's Wear Odit;06/09/2024;4;252507.8;West;47461.3;20
Vase Laudantium;16/08/2024;5;252495;West;36136.83;0
Wall Art Excepturi;05/12/2023;4;251704;East;40267.43;20
Rice Ullam;21/03/2024;5;251605;North;15427.5;15
Cushion Laborum;18/12/2024;4;251334.8;West;25825.56;5
Headphones Officia;18/04/2025;4;250984.8;South;36369.51;5
Women's Wear Deserunt;22/12/2024;4;250950.4;East;35255.58;5
Cabinet Deleniti;31/10/2023;4;250918.4;South;33576.83;5
Shoes Aliquid;18/01/2025;4;250899.6;North;61074.47;5
Cricket Bat Aliquid;18/11/2024;4;250819;South;31432.54;20
Sofa Ipsum;30/08/2024;4;250801;South;52016.65;15
Textbook Distinctio;19/07/2024;5;250709.75;East;43391.7;10
Sofa Maxime;22/07/2025;5;250629;North;43785.18;5
Action Figure Magni;22/05/2025;4;250192.8;North;57427.33;20
Mobile Nulla;19/07/2024;5;250101;South;15998.66;10
Puzzle Ut;16/10/2024;4;249808.2;North;56964.33;5
Spices Ea;22/08/2024;4;249716.4;South;53198.93;5
Smartwatch Quibusdam;27/06/2024;5;249644;West;38502.6;10
Lipstick At;17/02/2025;5;249403.5;South;15673.19;5
Laptop Similique;09/04/2025;4;249346.8;South;39813.41;0
Textbook Non;19/06/2024;5;249152;East;34717.96;10
Sofa Dignissimos;04/11/2024;5;248989.5;West;16310.2;15
Doll Soluta;14/12/2024;5;248967;East;60565.21;5
Bed Commodi;18/04/2025;5;248410.75;West;59977.87;5
Face Cream Quod;12/11/2024;4;248409.8;East;48897.74;15
Board Game Earum;01/09/2025;5;248260;East;29959.35;10
Fiction Incidunt;15/01/2025;4;248205.6;West;33922.43;20
Puzzle Placeat;14/12/2023;4;247761.4;West;50948.61;20
Refrigerator Architecto;03/11/2024;4;247732;East;41385.71;20
Vase Iure;24/03/2025;4;247505.4;East;19976.23;10
Sofa Non;18/11/2023;4;247178.6;North;44888.67;0
Puzzle Ut;18/06/2025;5;246876;North;36877.13;10
Headphones Deserunt;03/07/2025;5;246648.75;North;36963.76;10
Bed Alias;23/11/2023;4;246460.4;West;59284.02;10
Tennis Racket Consequatur;24/07/2024;5;246267;South;39194.91;0
Football Ullam;02/04/2025;4;246092.8;South;35906.45;5
Men's Wear Illum;29/08/2024;5;245956.5;West;60078.61;20
Kids Wear Incidunt;08/10/2024;4;245780.2;East;47534.13;15
Sofa Omnis;06/05/2025;4;245651;South;51927.61;20
Wheat Tempora;12/05/2025;4;245318.4;West;25463.47;20
Juicer Dicta;04/09/2024;5;245214;North;17202.81;15
Women's Wear Quia;18/03/2025;4;245187.6;East;52690.56;0
Juicer Eos;08/09/2024;4;245096;West;40659.01;5
Mobile Voluptates;30/04/2025;4;244614.4;East;19458.47;5
Vase Voluptatibus;25/09/2024;5;244587;East;28740.91;5
Oil Pariatur;16/04/2025;4;244425.6;South;57853.1;0
Biography Doloribus;11/07/2024;5;244248;East;35178.03;5
Bed Culpa;21/08/2025;4;244134;West;53624.1;10
Face Cream Aliquid;05/03/2025;4;244085.4;North;33740.64;15
Headphones Aliquid;13/07/2024;4;243910.8;South;48980.36;5
Spices Omnis;27/08/2025;5;243852.25;East;39829.88;20
Yoga Mat Dolor;09/11/2023;5;243584.5;North;33129.89;20
Fiction Sunt;23/03/2024;5;243252;East;34303.11;10
Camera Veritatis;03/07/2025;5;243212;East;48161.52;5
Tennis Racket Illo;24/02/2025;4;243113.6;North;37085.57;10
Headphones Vero;08/01/2025;4;242968.2;West;42590.08;0
Kids Wear Dolor;20/07/2025;5;242858;South;40261.43;0
Non-Fiction Labore;07/09/2024;4;242748;East;28821.8;10
Cookware Set Fugit;26/07/2025;5;242564.5;South;17022.51;15
Oil Error;12/10/2023;5;242400;North;48572.87;10
RC Car Natus;20/11/2024;5;242216;East;51974.15;20
Mobile Repellat;05/11/2023;4;241892.8;North;47368.7;20
Shampoo Quam;02/04/2024;5;241874.75;South;36510.09;15
Comics Provident;13/12/2023;5;241807.5;North;25646.51;0
Non-Fiction Enim;03/02/2025;4;241784;North;38188.94;15
Table Officiis;11/08/2025;4;241512;East;58217.31;20
Kids Wear Distinctio;11/07/2024;4;241362;North;46924.56;20
Women's Wear Reprehenderit;17/07/2025;4;241336;East;30326.49;15
Cushion Cumque;20/02/2025;4;241322.8;East;30832.92;0
Face Cream Dolorum;27/02/2025;4;241165.4;South;40413.38;0
Action Figure Quae;12/11/2024;5;241162.25;East;41029.54;5
Table Atque;27/11/2023;4;240996;West;22124.71;5
Board Game Nulla;30/07/2025;4;240780;East;14790.12;0
Cricket Bat At;05/07/2025;5;240496;North;13999.63;0
Table Veritatis;04/04/2024;4;240301.8;South;39888.68;0
Textbook Corporis;04/12/2023;4;240267.6;North;47396.38;15
Foundation Debitis;08/08/2025;5;240212;North;17200.15;5
Comics Modi;24/06/2024;4;240004;North;46033.32;15
RC Car Eius;07/07/2024;5;239988;East;46159.38;0
Perfume Unde;21/02/2024;4;239888;North;26550.66;15
Bed Ullam;12/08/2025;3;239790;West;40314.98;5
Rice Esse;31/05/2024;3;239523;South;26323.93;10
RC Car Optio;09/04/2025;3;239472;West;19156.55;15
Football Nobis;28/05/2024;4;239376;North;39450.59;10
Wall Art Ipsa;17/01/2025;5;239296.5;East;14656.39;0
Biography Iusto;02/02/2025;5;238900;East;15423.74;15
Accessories Ipsam;18/09/2025;4;238489.2;West;19509;20
Microwave Veniam;14/05/2024;5;238054.5;South;28025.07;5
Dumbbells Cumque;13/11/2024;3;237888;East;55089.14;5
Bed Iure;04/04/2024;4;237750.8;East;37337.17;5
Cushion Officiis;09/03/2025;4;237644;West;13844.33;0
RC Car Aliquid;09/06/2024;3;237588;West;51359.05;15
Shoes Quae;15/02/2024;5;237424.5;South;52747.02;0
Smartwatch Ipsa;14/12/2024;4;237402;West;20381.66;20
Wall Art Aperiam;24/05/2024;5;237168;East;21960.05;0
Face Cream Aliquam;05/03/2025;4;237000.4;South;52874.6;15
Refrigerator Alias;25/11/2024;5;236877.75;West;23111.35;15
Foundation Doloremque;10/04/2024;4;236819.8;South;40372.4;15
Rice Illum;01/04/2025;4;236803.2;South;30264.37;0
Sugar Iure;17/09/2024;5;236670;East;13160.48;5
Rice Molestiae;08/03/2024;4;236648.8;North;13046.37;0
Shoes Quo;05/03/2025;3;236286;North;52844.83;10
Perfume Itaque;02/06/2024;4;236048;East;19600.82;10
Juicer Eligendi;05/08/2025;3;236034;North;23564.04;10
Perfume Deserunt;03/11/2023;4;236025.6;East;17098.93;10
Mixer Grinder Provident;12/11/2023;5;235756.75;North;32490.83;0
Table Iure;23/07/2025;4;235716;South;17376.84;10
Face Cream Rem;27/08/2025;4;235694.8;East;37328.96;20
Chair Ut;08/11/2024;5;235505;West;31150.74;5
Table Cupiditate;07/11/2024;4;235432;North;42510.72;20
Clock Optio;28/11/2024;4;235353.6;South;32457.28;0
Fiction Consectetur;16/12/2023;5;235236;South;53954.65;0
Face Cream Sit;30/12/2024;5;235036;West;18424.08;5
Headphones Id;03/07/2024;4;234707;South;30160.38;0
Cushion Dignissimos;30/11/2023;3;234651;West;18949.32;15
Non-Fiction Reiciendis;27/09/2024;4;234604.8;West;29815.19;20
Sofa Iste;19/07/2025;4;234433.4;North;28931.58;10
Oil Id;31/07/2024;5;234355;North;12869.71;20
Dumbbells Unde;06/09/2025;4;234302.4;West;21939.1;5
Table Perferendis;21/08/2024;5;234220.5;North;37646.21;10
Chair Unde;16/01/2024;4;234090;West;44512.95;0
Cabinet Ea;05/06/2025;5;233980;North;56094.79;15
Board Game Blanditiis;11/11/2024;5;233842.5;North;20445.65;15
Accessories Ipsam;05/11/2024;5;233667;North;36076.39;0
Fiction Eius;22/05/2025;3;233610;South;23881.05;20
Mixer Grinder Minus;17/04/2025;5;233604;West;57790.84;5
Refrigerator Id;14/10/2024;5;233325;North;47254.57;20
Laptop Aliquam;19/07/2025;5;233172;East;45500.62;15
Camera Magni;14/04/2024;4;233161.6;East;24178.72;10
Women's Wear Mollitia;08/08/2024;4;233160;East;25126.57;0
Lipstick Eum;10/05/2025;4;233107.2;West;55240.36;15
Refrigerator Ducimus;11/07/2024;5;233049.25;North;14776.65;20
Women's Wear Nostrum;14/07/2024;5;232875;East;13220.24;0
Foundation Perspiciatis;03/11/2023;3;232833;South;50971.37;0
Dumbbells Doloremque;16/06/2025;5;232816.5;East;22648.72;5
Smartwatch Omnis;09/04/2025;5;232735.75;South;27680.73;20
Bed Dolor;31/01/2024;5;232669.25;South;52172.98;10
Non-Fiction Inventore;22/07/2024;4;232649.6;North;20110.21;0
Laptop Numquam;13/10/2023;5;232402.5;East;35657.72;0
Sugar Nostrum;06/05/2024;4;232006.4;East;25682.38;20
Vase Commodi;12/11/2024;5;231948;North;13321.02;10
Lamp Quaerat;18/07/2025;5;231888;South;28056.3;0
Non-Fiction Eveniet;25/05/2025;4;231740;South;20458.97;0
Textbook Doloribus;15/05/2024;4;231328;South;17534.93;20
Sofa Praesentium;24/05/2025;5;231044;North;57568.32;15
Juicer Facere;03/10/2024;3;230829;East;19570.6;10
Sofa Odit;22/11/2023;5;230735;West;24814.54;20
Clock Modi;15/10/2024;4;230499.2;East;34283.79;15
Headphones Incidunt;29/10/2024;4;230403.6;South;36781.62;20
Women's Wear Vel;06/06/2024;5;230274;East;17085.23;0
Board Game Dolore;07/09/2024;4;230140.8;North;41478.59;10
Lamp Temporibus;07/08/2024;4;229986.2;South;25859.38;15
Wall Art Sunt;06/12/2024;4;229853.6;North;49713.34;10
Dumbbells Commodi;28/08/2024;4;229612.2;East;56186.79;0
Mixer Grinder Nostrum;24/10/2024;4;229604.4;South;42507.11;20
Doll Eius;20/02/2025;5;229552;East;51151.3;20
Cabinet Aperiam;29/01/2025;5;229376.75;South;47469.28;0
Men's Wear Eligendi;21/04/2025;4;229353.6;South;51734.83;10
Headphones Doloribus;15/07/2025;5;229340;South;28515.03;20
Wall Art Commodi;28/11/2023;5;228944;West;30219.42;10
Lamp Enim;29/05/2024;4;228927.2;East;39408.44;0
Headphones Animi;24/02/2025;4;228886.4;South;22035.51;20
Chair Molestias;06/06/2024;3;228723;South;23543.12;5
Microwave Labore;25/03/2025;4;228572;East;29244.6;0
Cookware Set Nobis;18/05/2024;5;228556.5;West;39171.63;5
Women's Wear Inventore;06/12/2024;4;228456;North;56513.51;10
Kids Wear Praesentium;11/10/2024;5;228305;South;54011.07;20
Table Explicabo;22/05/2024;4;228042;South;56417.79;15
Cricket Bat Accusamus;01/06/2025;3;227461.35;North;38212.89;15
Action Figure Expedita;12/05/2024;4;226963.6;North;44175.4;0
Sugar Dolore;30/05/2024;5;226933;West;29138.95;5
Board Game Non;09/03/2024;4;226839.6;East;28396.71;10
Puzzle Tempora;28/11/2024;5;226809;West;45459.16;15
Cabinet Magni;04/10/2024;3;226794.45;North;51973.02;5
Headphones Quae;29/05/2025;5;226674.75;East;21145.25;15
Table Beatae;24/11/2023;3;226355.55;West;37482.7;20
Board Game Aliquid;01/08/2025;5;226332;North;13420.72;0
Lamp Aperiam;09/12/2024;5;226320;West;14547.84;5
Cabinet Consequatur;04/01/2024;5;226190.25;East;48699.99;0
Perfume Unde;02/07/2025;5;225845;South;34447.83;20
Shampoo Commodi;11/06/2025;3;225336;East;41756.57;0
Mobile Placeat;26/07/2024;5;225156.5;North;50284.48;15
Chair Nisi;05/07/2025;4;225147.6;North;32909.64;10
Shampoo Nulla;20/04/2025;5;225088.5;South;19501.98;20
Sofa Aliquam;13/06/2025;4;225024;North;16711.2;5
Lipstick Quaerat;03/03/2024;4;224809.2;South;20400.34;10
Shampoo Qui;15/08/2024;5;224493.5;East;13875.54;15
Clock Ducimus;06/10/2023;4;224043;South;55562.67;0
Sugar Similique;05/06/2025;5;223924.5;West;13670.89;15
Tennis Racket Ipsum;03/11/2024;3;223864.65;North;42668.77;0
RC Car Ab;13/04/2024;4;223760;South;18817.06;5
Spices Natus;31/08/2024;5;223749.75;East;47403.62;15
Yoga Mat Quos;09/02/2025;3;223686;South;35064.87;15
Lamp Dolorem;20/02/2024;4;223628.4;North;55725.11;5
Vase Ut;28/12/2023;4;223595.8;East;28225.93;5
Doll Eum;09/01/2024;5;223515;North;23585.98;5
Chair Ipsum;08/10/2023;5;223100;North;17960.38;15
Smartwatch Delectus;04/11/2024;5;222997.5;South;23607.81;20
Microwave Voluptates;31/10/2024;4;222774.8;North;23397.89;20
Fiction Nisi;10/05/2025;3;222616.35;North;11985.08;5
Smartwatch Veritatis;29/07/2024;4;222145.8;South;42293.92;5
Textbook Aliquam;02/01/2025;3;221943;West;12174.27;20
Fiction Ipsum;04/03/2024;5;221337;West;14531.62;15
Accessories Repellendus;01/03/2024;4;221152;North;54248.84;0
Dumbbells Rerum;25/06/2025;4;221072;West;25935.21;20
Biography Eos;06/07/2025;4;220789.2;West;18417.03;10
Accessories Sunt;17/08/2025;4;220720;North;39863.2;10
Women's Wear Sint;13/06/2025;4;220662.2;South;34599.74;10
Spices Quibusdam;28/01/2025;5;220623.25;North;26911.85;0
Kids Wear Velit;15/01/2024;5;220609;East;29884.88;20
Juicer Vero;30/12/2024;5;220561.5;North;48660.78;15
Refrigerator Officiis;04/10/2024;5;220490;South;26191.56;0
Sofa Laboriosam;12/08/2025;5;220442.75;West;50160.42;10
Football Placeat;15/01/2025;4;220436;East;25810.49;15
Fiction Perspiciatis;24/02/2025;5;219982.5;West;20736.37;15
Chair Eveniet;11/06/2025;4;219667.2;North;39724.94;5
Wall Art Facere;04/05/2025;3;219492;East;52308.41;20
Juicer Consequuntur;23/06/2025;4;219256.2;South;37801.56;15
Sugar Officia;25/03/2024;3;219096.6;East;16650.66;5
Women's Wear Quasi;17/10/2024;5;218804;South;15467.99;5
Shoes Veritatis;22/07/2024;5;218675.75;North;49812.84;0
Cookware Set Ipsum;01/10/2024;4;218351.4;West;27349.58;0
Football Harum;10/12/2023;4;218196;West;38301.45;5
Table Perspiciatis;22/07/2025;4;218170.8;South;32196.64;10
Lamp Eum;10/07/2025;4;217804;East;26421.01;20
Shampoo Asperiores;29/07/2024;5;217795.5;North;30009.3;15
Oil Reiciendis;24/07/2024;3;217788.45;South;11119.53;10
Wheat Doloribus;30/04/2025;4;217749.6;East;49611.07;20
Bed Distinctio;11/08/2025;3;217429.35;West;45944.7;20
Comics Quam;16/06/2025;4;217328;North;34419.58;5
Tennis Racket At;02/01/2025;5;217021.5;West;52730.72;0
Cabinet Voluptates;25/11/2024;4;216980;South;41078.49;0
Sugar Ipsam;23/01/2024;3;216853.65;West;53711.74;20
Headphones Ipsa;25/09/2024;4;216696;West;40956.13;20
Cookware Set Laborum;12/06/2025;4;216624;East;37226.1;15
Comics Iusto;01/12/2023;3;216543;West;40729.07;15
Perfume Labore;07/04/2025;3;216523.05;West;30633.55;15
Fiction Accusamus;14/04/2024;3;216444;East;15676.05;0
Shampoo Inventore;08/12/2024;4;216424.8;East;25972.2;5
Non-Fiction Quos;28/07/2024;4;216165.6;North;27200.45;10
Shampoo Aperiam;07/01/2024;4;216061.2;North;28677.6;5
Headphones Quaerat;08/02/2025;4;215953.2;South;51316.84;10
Action Figure Similique;24/09/2025;5;215924;South;32677.54;0
Biography Mollitia;14/09/2024;5;215890;North;19440.44;15
Doll Amet;24/09/2024;5;215780;North;49195.96;15
Action Figure Cum;06/06/2025;4;215733.4;East;51503.8;20
Juicer Dolor;26/10/2024;5;215235;South;52434.28;20
Women's Wear Eos;09/09/2024;4;215186.4;West;40621.43;10
Accessories Iusto;03/03/2025;4;215092.8;North;28142.22;5
Smartwatch Expedita;15/12/2024;3;214807.35;East;15456.11;10
Vase Est;19/06/2024;4;214656;East;51499.02;5
Cushion Quod;28/11/2023;3;214563.6;East;14735.15;15
Perfume Veniam;28/02/2024;4;214496;North;13543.77;20
Perfume Nihil;04/05/2025;5;214438.75;North;50723.79;15
Laptop Porro;29/04/2025;3;214417.8;North;20422.84;15
Shampoo Eaque;15/04/2024;4;214412.4;East;14568.74;20
Vase Dignissimos;05/02/2024;5;214410;North;51786.03;10
Non-Fiction Rem;18/05/2025;4;214153.2;South;44895.67;15
Tennis Racket Vero;31/05/2024;5;214130;South;20871.6;5
Cabinet In;10/08/2025;5;214110;West;52461.29;0
Mobile Dolorum;04/03/2025;4;214100;North;33790.22;5
Cushion Laudantium;25/11/2024;3;214047.9;East;47028.5;5
Clock Qui;30/07/2025;4;213670.4;North;21770.49;10
Rice Esse;21/02/2025;4;213582.8;East;34448.17;5
Cabinet Hic;06/08/2025;4;213580.8;East;45762.29;10
Mobile Quidem;12/06/2024;4;212948.2;North;52225.34;5
Camera Perspiciatis;05/08/2024;5;212660;North;26272.47;5
Bed Molestias;19/05/2024;5;212310;West;11609.02;5
Juicer Quisquam;07/03/2025;4;212248.4;East;37716.57;15
Shoes Deleniti;15/12/2023;4;212204.8;East;52198.76;20
Chair Amet;08/07/2025;3;212202;South;52505.11;5
Mixer Grinder Aperiam;12/11/2023;3;212187;East;12130.56;20
Bed Numquam;15/12/2024;4;212129.4;South;39302.36;5
Lipstick Possimus;23/04/2024;4;212027.4;West;23039.07;10
Juicer Fugit;24/11/2023;5;211820;North;13989.73;0
Board Game A;05/02/2024;5;211775;East;41918.73;5
Vase Eveniet;15/03/2025;4;211744;North;32979.53;10
Headphones Qui;03/03/2024;5;211066.25;North;28844.77;10
Tennis Racket Ex;17/01/2024;4;210867.2;South;21585.81;15
Non-Fiction Labore;18/06/2024;4;210767;East;40763.03;5
Foundation Perspiciatis;07/08/2024;3;210764.7;East;15073.91;20
Accessories Eius;02/01/2024;4;210672;West;33035.32;5
Rice Illo;11/02/2024;5;210667.25;North;29581.25;20
Fiction Dolore;18/10/2024;4;210660;South;26094.79;0
Cookware Set Autem;19/10/2023;5;210629.25;North;21869.69;5
Lipstick Soluta;10/05/2024;3;210627;East;20117.45;10
Tennis Racket Fugiat;04/06/2025;4;210427.2;South;37602.44;10
Face Cream Neque;26/08/2025;3;210344.25;East;22490.78;5
Football Reiciendis;17/05/2024;4;210328;South;42850.12;0
Juicer Blanditiis;14/02/2025;5;210280.5;North;42654.73;10
Clock Officiis;22/04/2024;4;210268;South;33643.36;20
Yoga Mat Ex;30/04/2024;5;210175.25;North;37014.87;20
Cushion Cumque;04/01/2024;3;209970.9;North;14653.34;5
Action Figure Possimus;12/05/2024;5;209897.75;East;33204.58;0
Cushion Doloribus;29/07/2024;3;209314.8;East;50439.75;10
Foundation Fuga;07/04/2025;4;209264.4;East;12149.45;0
Camera Error;06/02/2024;5;208903.5;East;22297.59;0
Wheat Ea;11/12/2024;4;208886.4;East;36949.25;5
Juicer Quidem;08/04/2024;4;208713.6;West;32534.33;10
Vase Ipsum;20/08/2024;5;208641;West;51897.06;0
Shampoo Ducimus;12/08/2025;3;208607.4;West;41335.12;15
Lamp Pariatur;17/11/2023;4;208549.2;North;40557.88;10
Lipstick Laborum;31/12/2024;4;208476.8;East;43253.41;20
Sugar Iure;14/07/2025;5;208059.5;West;37267.99;10
Camera Blanditiis;25/02/2025;4;208029.6;West;42129.51;5
Juicer Odio;04/11/2023;4;207603.2;South;19850.27;0
Puzzle Natus;01/07/2025;5;207441;East;30558.22;10
Bed Nulla;14/12/2023;4;207403.4;North;18493.61;10
Cabinet Iure;25/04/2024;4;207392;West;47871.61;5
Vase Esse;23/01/2024;5;207312;North;22005.44;10
Women's Wear Ratione;16/08/2025;5;207242.5;East;10385.55;20
Camera Nobis;26/08/2024;4;207221.6;North;45485.46;20
Vase Distinctio;29/05/2024;3;207160.8;East;47984.08;15
Camera Libero;26/10/2024;3;206976;South;38711.72;20
Rice Possimus;28/08/2024;5;206920;East;14619.82;5
Cookware Set Dignissimos;05/08/2024;5;206840;South;23176.39;0
Vase Nostrum;02/11/2023;3;206766;South;21263.75;20
Mixer Grinder Dolor;15/09/2025;3;206763.3;East;47496.77;5
Board Game Itaque;28/06/2025;5;206729.5;South;28479.14;5
Vase Porro;08/08/2025;4;206712;North;13285.27;5
Refrigerator Aliquid;27/01/2025;4;206470.4;West;46386.8;10
Lipstick Saepe;19/11/2024;4;206371.2;South;16232.19;20
Microwave Ea;11/04/2025;5;206346;East;27708.9;15
Comics Quos;05/03/2024;4;206216;North;14102.48;20
Perfume Sint;07/12/2024;5;206118;North;39846.87;5
Rice Totam;16/02/2025;3;206040;East;17741.75;5
Mobile Sint;08/03/2024;4;206024.6;South;30673.95;15
Camera Reprehenderit;08/04/2025;4;205929.6;North;14098.48;15
Bed Blanditiis;13/04/2024;5;205929.5;West;27567.8;20
Puzzle Dignissimos;06/09/2024;5;205776;North;38038.66;5
Yoga Mat Autem;01/02/2024;5;205712.75;East;25594.05;15
Refrigerator Modi;13/01/2025;3;205704.45;North;23606.01;20
Mixer Grinder Animi;02/09/2025;3;205587;North;29841.06;5
Cabinet Nostrum;02/11/2024;4;205502.8;North;34719.98;20
Action Figure Est;04/09/2025;4;205401.4;South;21438.76;5
Laptop Quaerat;03/01/2025;4;205348.2;East;35865.22;5
Perfume Eius;12/01/2025;3;205314;East;33447.95;20
Shoes Ratione;17/12/2023;4;205174.8;East;33028.02;0
Accessories Fuga;14/01/2025;4;205100.8;West;19431.51;0
Spices Hic;30/05/2024;5;205083.75;North;26311.68;10
Mixer Grinder Ullam;24/03/2024;3;204681;North;44311.79;0
Doll Sequi;28/03/2025;3;204668.1;East;18799.18;5
Cookware Set Illo;13/11/2023;4;204393.6;East;20085.01;20
Cricket Bat Voluptates;21/09/2024;4;204336;West;47304.96;10
Puzzle Alias;28/05/2024;3;204261;North;49847.91;20
Puzzle Eius;23/04/2025;5;204256;West;12736.72;0
Dumbbells Iste;06/10/2024;4;204141.6;East;35280.25;0
Laptop Nisi;08/12/2023;5;204116;North;36293.56;0
Rice Quis;05/04/2025;4;203964;East;50850.65;15
Cabinet Ipsum;24/11/2023;3;203583;East;37646.57;20
Face Cream Necessitatibus;30/10/2024;5;203480;East;18437.07;20
Smartwatch Perspiciatis;23/04/2025;5;203352;South;10664.02;15
Refrigerator Exercitationem;10/12/2023;5;203304.75;South;32803.51;0
Bed Optio;13/05/2024;5;203232;East;18444.62;5
Rice Rem;10/08/2025;4;203159.4;South;27827.34;0
Shoes Officiis;09/11/2024;3;203048.1;South;20206.77;5
Women's Wear Nemo;02/09/2024;3;202651.05;South;41796.68;15
Cookware Set Amet;11/11/2023;4;202507.4;South;15647.37;20
Wall Art Unde;24/05/2024;3;202403.7;West;48725.77;0
Football Animi;20/08/2025;4;202388.4;South;34763.43;15
Table Molestiae;31/05/2025;4;202214.4;North;15630.52;20
Lamp Eligendi;09/05/2024;4;202176;South;46283.34;15
Comics Quia;10/07/2024;4;202150.4;South;13460.43;5
Headphones Dolore;12/09/2024;5;201756;North;18011.01;20
Non-Fiction Ipsam;14/09/2024;3;201708;South;45297.6;15
Mobile Harum;24/12/2023;3;201636;West;41541.42;20
Mobile Et;07/08/2025;4;201533;East;11394.56;20
Lamp Harum;19/06/2024;4;201297;West;49495.15;20
Yoga Mat Dicta;24/01/2025;5;201028.5;South;37127.09;0
Fiction Animi;05/08/2024;3;200885.4;North;34197.42;5
Wall Art Saepe;28/05/2024;5;200404.5;North;47036.01;20
Refrigerator Officia;16/04/2024;3;200343.3;North;15779.09;20
Doll Similique;29/06/2024;3;200208;North;36553.03;20
Biography Tenetur;05/07/2024;5;199946.5;South;29876.63;10
Kids Wear Temporibus;16/03/2025;5;199928;North;40239.95;5
Doll Modi;17/10/2023;3;199848.6;South;13439.84;20
Fiction Doloremque;15/10/2024;4;199804.8;North;37461.85;10
Laptop Sunt;14/05/2025;3;199608.9;South;41771.64;5
Yoga Mat Dignissimos;16/05/2024;3;199494.3;West;20730.07;15
Fiction Est;20/02/2025;4;199257.6;West;13101.97;15
Tennis Racket Facere;05/02/2025;4;199108.6;North;20194.78;20
Spices Est;05/08/2025;3;199049.4;East;30357.47;20
Mixer Grinder Iusto;15/02/2025;4;199036.4;East;42664.44;20
Yoga Mat Quidem;03/06/2025;4;198934.4;West;32045.97;0
Textbook Assumenda;06/12/2024;3;198909;East;45906.61;10
RC Car Voluptatum;11/10/2023;4;198685.8;South;37416.45;15
Football Accusamus;04/03/2025;4;198667.8;South;15961.65;20
Dumbbells Assumenda;17/08/2025;3;198652.65;North;24667.96;15
Rice Quod;09/09/2024;4;198553.8;East;18049.25;10
Foundation Cumque;17/03/2025;3;198360;West;38148.12;5
Board Game Natus;05/04/2024;3;198344.1;East;40562.25;15
Headphones Libero;31/05/2025;4;198224;East;31757.71;20
Shoes Numquam;30/03/2025;3;198200.4;North;22915.35;15
Microwave Reiciendis;26/09/2024;5;197908;East;38220.91;5
Headphones Quia;13/05/2025;3;197675.1;North;44853.15;15
Headphones Perferendis;27/12/2023;4;197621.6;South;24989.09;0
Shoes Nam;08/06/2024;4;197497.4;East;48624.81;0
Clock Iusto;28/10/2024;4;197305.6;West;12488.94;5
Yoga Mat Repudiandae;13/08/2024;3;197129.7;West;21387.01;5
Cookware Set Vitae;18/11/2024;3;197067;North;29277.87;5
Chair Voluptatum;23/05/2025;4;197002.8;West;32957.34;10
Face Cream Laboriosam;18/07/2025;3;196956;West;33194.73;0
Wall Art Sapiente;02/09/2025;5;196779.25;South;30075.03;15
Tennis Racket Mollitia;06/11/2024;3;196527.6;North;11011.84;5
Dumbbells Facere;13/06/2025;3;196514.1;North;25235.58;15
Shoes Incidunt;01/09/2025;4;196387.2;West;43158.03;10
Cookware Set Quasi;14/03/2025;5;196125;North;25077.75;5
Wheat Sed;19/11/2024;4;196108.6;West;14044.21;0
Rice Facilis;22/09/2025;5;196069.5;East;24398.52;15
Cookware Set Facere;19/12/2024;3;195946.05;North;40263.16;10
Chair Earum;07/08/2024;3;195885;West;23292.56;15
Cushion Iste;20/05/2025;3;195771.15;West;28791.58;20
Non-Fiction Hic;12/05/2024;3;195531;South;40405.96;20
Mobile Aperiam;18/10/2023;5;195399;West;16213.31;10
Sugar Laborum;10/02/2024;5;195340.5;South;17255.18;10
Biography Aliquam;02/04/2025;3;195304.5;East;32368.66;5
Action Figure Praesentium;07/10/2024;5;195252;East;44790.89;20
Lipstick Error;21/11/2023;5;194917.5;West;36019.3;10
Doll Labore;30/11/2023;3;194915.7;North;21471.89;10
Oil Maxime;02/06/2025;3;194429.85;North;11104.88;0
Cushion Ex;17/12/2023;5;194382;South;29474.44;15
Lamp Animi;11/06/2024;3;194335.2;West;40185.1;15
Spices Quibusdam;07/07/2024;4;194304;South;22133.9;5
Spices Temporibus;30/03/2024;4;194187.6;South;37261.47;10
Biography Recusandae;18/11/2024;5;194015;East;17020.28;10
Mobile Quae;08/08/2025;3;193914;East;19362.8;0
Comics Dignissimos;26/05/2024;4;193905.4;North;17820.36;20
Juicer Officia;16/12/2023;4;193816.8;West;19626.97;20
Comics Quo;02/09/2025;3;193808.55;West;22075.6;0
Sofa Deleniti;24/06/2024;4;193795.2;East;21970.55;10
Sofa Quisquam;15/03/2025;4;193608;South;22576.47;15
Sofa Quisquam;24/06/2025;3;193602;North;40567.6;5
Mixer Grinder Illum;09/10/2023;4;193513.6;East;19016.84;0
Tennis Racket Omnis;06/01/2024;3;193249.8;East;37738.28;5
Chair Adipisci;08/09/2024;4;193211.8;West;22291.16;20
Board Game Tempora;21/10/2023;5;193081.5;East;16436.26;0
Football Architecto;27/11/2024;4;193075.8;South;18580.58;0
Tennis Racket Perferendis;24/05/2025;4;193004.4;West;46227.53;20
Foundation Dignissimos;05/10/2023;4;192984;East;23985.65;15
Cabinet Dolores;08/09/2024;5;192685;North;15406.56;5
Foundation Nostrum;21/08/2024;4;192607.2;West;44323.62;10
Tennis Racket Molestiae;26/02/2025;4;192392.4;East;41424.57;5
Fiction Magnam;08/08/2024;3;192332.25;South;16746.64;20
Cabinet Eligendi;08/03/2024;5;192316;South;10171.47;15
Laptop Ab;22/07/2024;5;192312;North;29710.68;15
Face Cream Magnam;07/02/2025;5;192128;North;25187.64;0
Chair Debitis;20/12/2023;4;192032;East;41037.25;0
Sofa Ad;08/11/2023;3;191990.25;South;20011.68;0
Rice Impedit;21/03/2025;3;191932.2;West;24958.06;10
Action Figure Ullam;30/04/2024;4;191902.8;South;44004.28;20
Cushion Iure;10/06/2025;4;191688;West;17387.5;0
Juicer Tempora;04/07/2025;3;191642.4;East;30465.58;20
Non-Fiction Soluta;23/08/2025;3;191613;West;18990.31;5
Sofa Hic;26/09/2025;5;191539;South;13333.36;0
Vase Sunt;19/04/2025;5;191520;South;40663.65;15
Lamp Nesciunt;03/03/2025;3;191451.6;North;27647.04;5
RC Car Odit;02/11/2023;3;191217;West;36673.66;20
Tennis Racket Dicta;08/02/2025;5;191142;West;22835.87;20
Oil Perspiciatis;18/06/2024;3;191086.8;East;10795.44;20
Shampoo Excepturi;20/09/2025;5;190956;North;41152.93;10
Oil Provident;09/07/2025;5;190809;North;26049.57;10
Chair Quidem;22/05/2025;3;190623;East;43196.33;20
Headphones Corporis;02/11/2023;3;190608;South;41600.7;0
Yoga Mat Eligendi;08/07/2025;5;190560;East;32518.37;20
Women's Wear Incidunt;21/01/2025;5;190498.5;East;33377.71;15
Juicer Possimus;21/06/2024;5;190404.25;North;16507.93;10
Tennis Racket Vitae;10/02/2024;3;190350;West;40628.76;5
Shoes Cumque;27/09/2025;4;190349.6;West;45545.68;0
Vase Officia;11/12/2023;3;190345.8;East;10848.56;20
Dumbbells Doloremque;19/11/2024;4;190150.4;South;41659.44;20
Cabinet Voluptate;15/11/2023;4;190132;West;26592.55;0
Sofa Ad;15/02/2025;3;189945;North;36976.92;5
Laptop Et;22/08/2024;4;189935.4;North;16343.07;5
Bed Architecto;31/08/2025;4;189928;West;26724.52;20
Sofa Nobis;22/02/2024;5;189824.25;North;20130.56;0
Action Figure Ipsam;09/04/2025;4;189788;South;37270.25;10
Smartwatch Necessitatibus;22/05/2025;3;189768;North;44301.36;0
Face Cream Autem;19/01/2024;3;189645;North;31008.73;15
Board Game Accusantium;14/03/2024;3;189522.15;West;45136.59;20
Camera Delectus;08/06/2024;5;189412;South;42457.61;0
Refrigerator Tempore;22/04/2024;3;189342;North;32965.52;0
Rice Vel;17/04/2024;5;189178.25;East;28616.27;0
Tennis Racket Vero;15/09/2025;4;189107;North;18578.98;5
Camera Reprehenderit;30/05/2025;4;189097.6;West;45863.16;15
Face Cream Harum;04/12/2023;5;189090;East;43030.1;0
Refrigerator Necessitatibus;26/06/2024;4;189084.8;North;17704.57;20
Men's Wear Praesentium;16/02/2025;4;189040;East;28934.68;20
Wheat Magni;08/12/2024;3;188886.6;West;17971.48;20
Cricket Bat Ratione;02/02/2024;4;188732;South;29552.34;15
Men's Wear Iusto;31/03/2024;5;188480;South;32184.02;5
Refrigerator Architecto;19/03/2024;5;188480;West;38283.44;5
Cookware Set A;25/11/2024;4;188470.8;West;33416.79;10
Men's Wear Debitis;19/09/2024;4;188409.6;West;41098.05;0
Kids Wear Aut;17/01/2025;5;188392.5;South;36655.65;10
Board Game Laboriosam;07/04/2024;3;188193;North;39605.27;5
Perfume Facilis;22/12/2024;4;188144;South;10687.06;15
Camera Illum;10/02/2024;5;188123.75;East;31817.36;20
Lamp Fugit;09/07/2025;5;187992;South;39194.44;20
Clock Repellendus;25/03/2025;4;187968;South;44491.13;5
Puzzle Commodi;11/01/2025;3;187927.2;South;20656.84;10
Mobile Numquam;19/04/2024;4;187898.6;West;32101.02;0
Vase Ex;28/07/2024;3;187878;West;13928.71;10
Rice Dolorem;19/06/2025;3;187848.3;South;14178.9;0
Accessories Est;04/05/2024;5;187681.5;West;30495.34;20
Dumbbells Expedita;23/07/2024;3;187612.8;West;19017.51;0
Sugar Reiciendis;10/05/2024;3;187605;South;38477.9;20
Men's Wear Architecto;30/01/2025;3;187600.8;North;28058.26;0
Tennis Racket Aperiam;15/11/2023;5;187425.5;North;44132.79;0
Foundation Velit;08/04/2024;4;187411.4;West;36536.59;5
Shampoo Impedit;01/06/2025;4;187190.4;East;32130.16;10
Sofa Porro;17/10/2023;5;187120;South;19707.69;0
Fiction Aperiam;12/05/2025;5;187100;East;33417.76;0
Rice Tenetur;10/06/2025;5;186736.5;North;26730.69;5
Oil Modi;29/03/2024;3;186516;East;23035.44;5
Tennis Racket Illo;27/06/2024;3;186378.3;West;39812.81;0
Wall Art Est;27/06/2024;3;186325.95;West;25422.82;20
Bed Animi;18/09/2024;4;186289.4;East;12177.83;20
Oil Iusto;23/09/2024;4;186283.6;East;39618.09;0
Chair Occaecati;05/06/2025;3;186270.3;South;33629.15;10
Mixer Grinder Occaecati;11/03/2025;3;186250.35;North;44988.38;10
Sugar Fugit;31/01/2024;4;186052;West;21722.39;10
Cookware Set Consequatur;11/05/2024;4;185388;South;21047.84;5
Table Voluptatum;10/02/2025;3;185346.9;North;20453.81;0
Laptop Sapiente;16/10/2024;4;185280.4;West;12572.4;0
Lamp Voluptatibus;09/08/2025;3;185280;North;10418.76;10
Lamp Nostrum;15/10/2024;4;185212;North;45900.32;5
Lipstick Debitis;03/03/2024;4;184990.6;West;17654.64;20
Biography Ad;23/02/2024;5;184946;East;30144.65;5
Vase Dolorem;14/04/2025;4;184744.8;West;24100;0
Laptop Eum;30/09/2024;3;184730.4;South;18623.33;20
Headphones Accusantium;28/06/2025;3;184682.7;North;30435.71;15
Perfume Neque;04/04/2024;5;184662.5;East;43666.41;5
Accessories Quasi;31/03/2024;5;184654;East;25041.58;0
Puzzle Enim;04/02/2025;3;184596;West;32164.28;15
Kids Wear Quidem;23/04/2024;5;184491;North;32778.89;20
Shoes Beatae;24/04/2025;5;184361.75;North;33341.61;15
Sugar Nostrum;16/09/2025;3;184346.55;North;27785.76;5
Kids Wear Labore;02/02/2025;3;184247.7;South;45928.61;20
Dumbbells Dolores;03/12/2024;5;184080;South;43927.31;15
Sofa Aut;21/04/2025;3;183918.75;East;35399.77;10
Cricket Bat Excepturi;29/04/2025;4;183855;South;38102.47;20
Comics Sapiente;20/10/2024;3;183679.2;East;33188.03;20
Laptop Magni;22/03/2024;3;183584.7;South;12294.89;0
Accessories Dolore;29/03/2025;5;183557.5;West;38477.01;20
Table Nesciunt;04/05/2024;3;183319.5;West;14938.67;15
Smartwatch Atque;31/12/2024;4;183192;North;18754.55;15
Lamp Repudiandae;29/08/2024;3;183105;South;16120.97;5
Sofa Sunt;15/01/2024;5;183094.25;North;45442.08;5
Chair Quae;23/08/2025;4;182763.6;West;16630.87;0
Oil Nisi;22/05/2025;3;182761.95;South;11128.97;5
Juicer Qui;20/05/2024;4;182709.2;West;26825.3;0
Camera In;16/08/2024;4;182707.2;West;42983.62;15
Dumbbells Aliquid;21/03/2025;5;182567.25;West;15611.59;10
Lamp Vero;18/04/2025;4;182380;North;14466.17;20
Board Game Beatae;21/12/2023;4;182362;South;18553.72;15
Shoes Doloremque;10/06/2024;4;182130.2;East;30387.53;15
Non-Fiction Quas;16/03/2024;3;182130;North;35596.46;10
Smartwatch Quisquam;16/11/2023;3;182029.5;South;21659.88;0
Fiction Veritatis;25/06/2024;3;182013;East;11853.15;10
Lipstick Nostrum;08/06/2025;3;181968;South;26322.7;0
Men's Wear Ullam;02/03/2024;3;181929.6;East;41542.19;20
Fiction Nostrum;21/01/2024;3;181906.95;East;9476.81;20
Foundation Nisi;27/12/2024;3;181773.6;West;43910.08;10
Cushion Unde;29/05/2025;4;181738.8;South;26895.09;0
Headphones Sequi;19/09/2025;3;181726.2;North;25378.9;0
RC Car Ducimus;08/11/2023;4;181680;West;43029.74;15
Cabinet Voluptatum;20/04/2024;5;181640;South;26909.05;10
Cabinet Enim;21/05/2025;5;181580;West;44696.01;15
Tennis Racket Perferendis;29/01/2024;4;181386;South;41433.44;15
Face Cream Nulla;05/05/2024;5;181065;West;32530.95;0
Shampoo Quia;25/08/2025;4;180872;West;22032.35;5
Textbook Quia;18/01/2024;4;180784;West;10461.66;20
Mixer Grinder Cumque;11/01/2025;3;180701.4;North;39087.54;15
Dumbbells Deserunt;09/11/2024;5;180657;East;11945.18;10
Cookware Set Deleniti;16/12/2023;3;180513.9;West;18852.37;15
Kids Wear Ipsa;26/02/2025;4;180485.6;North;19220.42;20
Cookware Set Id;18/10/2024;3;180353.7;South;16601.59;5
Non-Fiction Iure;10/10/2023;3;180288;West;40876.74;10
Cushion Minima;17/04/2025;3;180165.6;South;33139.42;15
Yoga Mat Delectus;07/11/2023;3;180080.1;South;25040.19;10
Comics Soluta;21/12/2024;5;180022.5;West;36746.22;20
Cookware Set Error;01/08/2025;4;179933.8;West;40754.03;15
Mobile Quod;17/12/2023;5;179868.5;South;33452.03;20
Non-Fiction Aliquam;28/09/2024;4;179728;South;40737.76;0
Football Dolorem;22/11/2024;3;179721;East;40380.73;5
Refrigerator Officia;23/02/2025;3;179616;North;31493.85;10
Women's Wear Nulla;10/04/2025;3;179599.05;East;11601.92;15
Football Natus;25/04/2025;5;179430.75;East;14017.16;10
Wheat Iusto;17/08/2024;4;179376;East;27144.95;20
Women's Wear Rerum;17/05/2025;4;179280;West;10694.81;5
Sugar Voluptates;27/08/2024;4;179254.4;East;18805.72;10
Spices Harum;18/05/2025;5;179220;West;12690.94;5
Mixer Grinder Necessitatibus;16/06/2024;4;179074.8;North;22259.66;5
Juicer Iusto;30/01/2025;3;178905.6;South;23347.05;15
RC Car Nobis;26/03/2024;5;178886.75;North;33710.88;15
Yoga Mat Suscipit;15/12/2023;3;178709.1;South;14873.82;10
Sofa Ex;19/01/2025;4;178614;South;26419.34;5
Biography Libero;26/11/2023;5;178540;South;43517.31;15
Women's Wear Accusamus;13/02/2025;4;178492;North;31486.04;15
Cookware Set Debitis;16/05/2024;4;178177;North;17819.15;20
Headphones Similique;24/12/2023;3;178082.25;North;27415.31;10
Bed Sapiente;04/10/2023;5;178044;West;41209.73;5
Action Figure Eaque;27/03/2025;4;177922.8;West;17732.94;15
Men's Wear Laborum;03/08/2024;3;177916.05;South;26218.15;5
Wheat Quibusdam;17/10/2024;3;177862.5;West;38521.83;20
Doll Illum;05/09/2024;3;177648;East;25632.62;15
Laptop Quibusdam;19/11/2023;4;177551.2;East;43134.48;15
Bed Blanditiis;24/07/2025;4;177508.8;North;37651;15
Puzzle Libero;31/07/2025;5;177504;West;28065.02;20
Lamp Nostrum;14/05/2024;4;177471.4;South;28394.16;5
Biography Similique;10/02/2024;5;177229.25;South;36719.2;10
Dumbbells Est;30/10/2023;3;177196.8;North;21583.02;15
Face Cream Reiciendis;04/03/2024;3;177156;East;16898.04;15
Bed Perferendis;12/08/2024;3;177102.6;North;22802.49;5
Football Qui;04/12/2024;3;177063.3;West;16632.21;10
RC Car Dicta;11/03/2024;5;177050;North;14706.74;20
Women's Wear Nihil;28/10/2023;5;177025.5;East;22467.49;5
Kids Wear Nemo;06/12/2023;4;177012;West;25876.51;20
Spices Vero;19/03/2024;3;176979;North;25699.24;10
Non-Fiction Laborum;23/05/2025;3;176947.05;West;31047.35;20
Bed Iusto;15/01/2025;5;176760;East;25858.04;5
Cushion Labore;25/02/2025;5;176650;South;21281.71;20
Yoga Mat Quo;12/01/2025;4;176608;South;37699.47;0
Puzzle Alias;29/03/2025;3;176399.1;East;39331.91;15
Non-Fiction Quo;11/03/2024;3;176352;South;35659.14;5
Doll Enim;04/01/2024;4;176047.2;East;42930.82;20
Chair Alias;11/02/2024;5;175950;West;20819.42;0
Yoga Mat Officiis;11/08/2025;4;175891.2;North;34105.84;15
Lipstick Aliquam;01/07/2025;3;175645.5;West;33038.94;10
Board Game Reiciendis;26/02/2024;3;175618.5;North;30596.53;15
Lamp Accusamus;02/03/2024;5;175556;West;38290.82;5
Cricket Bat Quasi;07/08/2025;3;175178.1;East;36943.21;20
Cushion Recusandae;06/02/2024;3;175054.5;East;40811.14;10
Sofa Soluta;01/11/2024;3;175026.9;East;17034.03;5
Camera Placeat;17/10/2023;5;174989.5;East;16206.53;20
Non-Fiction Ad;26/08/2025;3;174870.9;South;40819.7;5
Sofa Asperiores;20/01/2024;5;174776;North;8841.46;20
Camera Explicabo;10/03/2025;4;174742.4;South;29651.53;0
RC Car Consectetur;30/06/2025;3;174727.8;West;41459.43;5
Textbook Omnis;08/12/2024;5;174705;West;33211.51;10
Lipstick Tempora;30/10/2023;5;174633.75;West;39512.52;5
Spices Inventore;20/06/2024;3;174627;West;29134.83;0
Vase Ex;09/02/2024;4;174587.2;South;23684.63;0
Lipstick Vitae;10/12/2023;4;174469.4;West;9344.72;5
Wheat Ducimus;05/05/2025;3;174399.6;South;33573.54;5
Women's Wear Repellendus;21/06/2025;3;174283.2;West;15378.45;15
Wheat Quia;07/03/2025;3;174264;West;16186.32;5
Refrigerator Illum;13/12/2023;4;174042;West;26545.6;0
Women's Wear Ducimus;03/08/2024;3;173972.55;East;38352.02;20
Lamp Velit;31/03/2025;5;173914.25;East;41421.06;10
Lamp Doloremque;08/04/2025;3;173641.95;North;22959.61;0
Microwave Quisquam;15/09/2025;5;173640;South;26873.07;0
Cushion Rem;07/07/2025;3;173616.3;North;40216.36;20
Clock Voluptatem;20/01/2024;4;173572.6;West;15988.9;5
Puzzle At;28/03/2025;5;173548;West;8728.88;10
Football Veniam;05/02/2024;3;173480.4;South;13901.3;10
Clock Fugit;24/12/2023;4;173398.4;West;17229.79;15
Wall Art Est;17/02/2025;3;173394.9;West;26088.47;20
Camera Itaque;27/05/2024;3;173251.5;North;20003.56;0
Sofa Sed;15/02/2025;4;173167.2;South;40443.37;5
Face Cream Voluptas;29/08/2024;4;173062.4;East;31705.38;0
Face Cream Nihil;19/11/2024;3;172902;East;38978.19;20
Textbook Inventore;11/01/2024;5;172866.75;West;39437.91;20
Football Magni;16/05/2025;4;172774.6;South;20563.95;0
Oil Nihil;04/04/2025;3;172624.8;South;20223.28;15
Rice Corporis;16/08/2025;3;172605;West;42852.79;0
Football Eligendi;13/01/2025;3;172154.4;West;22626.59;10
Puzzle Sapiente;18/02/2025;4;172070.6;South;22326.14;20
Clock Magnam;30/07/2025;5;172069.75;South;21981.61;20
Lamp Nostrum;19/10/2024;4;172009.6;West;18485.85;20
Doll Incidunt;20/06/2025;5;171983.25;North;23013.48;20
Sugar Quae;27/11/2024;3;171900.9;North;40093.57;20
Mixer Grinder Vero;27/12/2024;4;171779;North;13578.92;20
Foundation Assumenda;19/10/2023;4;171700;East;28766.76;20
Fiction Impedit;03/07/2025;4;171689.8;North;26317.16;10
Perfume Illum;07/07/2024;5;171649;East;39986.99;15
Puzzle Veritatis;13/03/2024;3;171637.95;South;30098.82;10
Chair Assumenda;06/04/2025;5;171219.75;East;23722.84;15
Foundation Officiis;09/09/2024;4;171156;East;13519.25;10
Microwave Natus;23/06/2024;3;171148.8;North;9393.57;15
Shampoo Commodi;20/05/2024;3;171135.6;West;39686.76;0
Refrigerator Consequuntur;22/05/2024;5;171105;South;42580.32;10
Refrigerator Minima;27/10/2024;3;171019.2;West;28222.22;20
Action Figure Aliquam;31/08/2024;5;170736;North;35802.53;5
Smartwatch Consectetur;16/09/2025;3;170464.5;North;10224.17;20
Comics Blanditiis;05/01/2025;3;170419.2;South;16962.93;10
Juicer Omnis;25/04/2024;4;170316;North;11627.51;10
Puzzle At;05/03/2025;3;170298.9;West;27185.74;5
Vase Tempore;07/09/2024;5;170208;South;27050.84;20
Lamp Qui;23/02/2024;3;170190;South;41256.8;15
Men's Wear Quisquam;06/05/2024;3;170018.7;South;37822.81;15
Football Alias;23/02/2024;3;169857;North;12285.11;15
Biography Tempora;03/08/2025;5;169735.5;East;33451.01;0
Accessories Ipsum;29/07/2025;4;169692.8;West;14287.36;5
Comics Suscipit;17/09/2025;4;169640;South;40015.37;10
Doll Nam;24/03/2025;5;169569;South;26335.15;10
Smartwatch Aliquid;22/10/2023;3;169416;East;24115.18;0
Microwave Repudiandae;16/12/2023;5;169292;North;20279.31;15
Mixer Grinder Animi;10/07/2025;5;169227;North;29678.19;0
Yoga Mat Culpa;14/04/2025;4;169216;West;30002.4;15
Cricket Bat Incidunt;18/04/2024;5;169196.75;South;13455.71;20
Oil Perferendis;22/05/2025;3;169108.35;South;9471.97;10
Board Game Similique;02/08/2024;4;169068.8;West;8470.51;5
Action Figure Ipsum;15/06/2024;4;169059.2;South;27423.41;15
Non-Fiction Reiciendis;14/01/2025;3;169056;West;32024.33;10
Men's Wear Similique;16/05/2025;4;168936;West;19288.02;0
Puzzle Iusto;29/07/2024;3;168753.9;North;39204.5;20
Shoes Aliquid;11/04/2025;3;168717;East;30407.97;15
Refrigerator Vero;05/09/2024;5;168714;East;13616.72;0
Perfume Doloribus;15/07/2024;3;168650.4;East;34609.42;0
Dumbbells Mollitia;18/08/2024;4;168564;East;31098.14;5
Table Libero;04/11/2023;3;168298.2;East;12144.65;5
Mobile Iste;15/09/2025;4;168093;North;9289.73;15
Doll Enim;28/04/2024;5;168070.5;West;34912.42;0
Perfume Error;14/04/2024;3;167871;South;10701.22;15
Non-Fiction Soluta;06/03/2025;3;167870.7;South;13692.45;20
Cushion Exercitationem;11/08/2025;3;167802.75;North;9532.49;0
Cushion Consectetur;01/05/2024;3;167700;North;12130.7;15
Shampoo Voluptatem;03/07/2024;3;167598.75;East;16849.96;0
Bed Itaque;23/01/2025;4;167572.8;North;37365.07;20
Biography Reiciendis;12/07/2025;3;167571;West;15138.13;20
Board Game Nulla;08/11/2023;4;167524;West;24231.61;5
Headphones Suscipit;05/03/2025;3;167464.8;North;27314.23;5
Oil Ea;30/05/2025;4;167439.4;East;38657.43;0
Shampoo Earum;12/10/2024;5;167340;North;21070.91;15
Men's Wear Excepturi;03/04/2025;4;167130.4;North;13428.97;5
Football Harum;23/01/2024;4;167054.4;South;18374.62;10
Microwave Dolore;05/10/2023;3;166950;West;27964.98;10
Microwave Quaerat;19/01/2024;5;166846.5;East;31754.79;5
Laptop Rerum;12/02/2024;3;166833;South;25996.35;10
Dumbbells Voluptatibus;08/04/2024;5;166764;West;17579.02;0
Wall Art Error;04/09/2024;3;166620;West;25352.97;5
Accessories Autem;30/03/2024;4;166608;West;26845.29;10
Foundation Nihil;22/12/2024;4;166538.8;East;17272.57;0
Refrigerator Explicabo;02/06/2025;4;166480;West;32961.75;10
Tennis Racket Placeat;10/02/2024;4;166433.4;North;32499.26;20
Clock Animi;02/09/2025;4;166381.2;North;18545.21;15
Mixer Grinder Sequi;25/03/2024;4;166242.4;West;31519.09;10
Juicer Necessitatibus;18/02/2025;3;166182.3;South;28718.27;0
RC Car Blanditiis;31/05/2025;4;166071.6;South;20406.12;5
Camera Vero;11/01/2025;4;166028.8;North;37882.17;10
Lamp Ipsum;10/01/2024;3;165942;East;24842.49;0
Comics Excepturi;07/08/2025;3;165790.8;East;23145.79;0
Shampoo Nisi;02/03/2025;3;165790.2;North;35707.25;10
Action Figure Quidem;24/02/2024;5;165724;North;23182.29;5
Sofa Cumque;05/06/2025;4;165413.4;South;38671.65;10
Cushion Doloribus;28/01/2024;3;165378;North;10723.59;20
Cookware Set Accusantium;14/03/2024;3;165336;South;28997.73;20
Smartwatch Alias;05/10/2023;5;165205;West;31468.02;20
Cabinet Magnam;10/06/2025;4;164844;East;12852.37;0
Foundation Excepturi;26/01/2025;3;164844;North;38325.73;20
Juicer Enim;21/04/2024;3;164702.7;North;17011.25;20
Bed Accusantium;18/10/2024;4;164648;East;22384;15
Chair Odit;11/05/2025;4;164590.6;East;8634.14;20
Cushion Praesentium;14/04/2025;3;164584.65;South;18249.62;0
RC Car Occaecati;24/05/2024;4;164228.4;East;18957.68;15
Sofa Beatae;23/07/2025;5;164195;East;30693;20
Refrigerator Sunt;25/02/2024;3;164115.45;North;18208.24;0
Mobile Impedit;21/05/2025;3;164071.65;West;29285.66;15
Bed Vel;24/06/2024;4;163684;North;32116.72;5
RC Car Atque;23/01/2025;4;163381;East;15829.2;20
Chair Dicta;08/10/2023;4;163229;East;26318.32;5
Yoga Mat Accusamus;17/04/2024;3;163215;East;30673.62;10
RC Car Eligendi;18/02/2025;3;163204.2;West;26150.1;5
Puzzle Quo;28/02/2024;3;163166.85;North;34853.88;0
Refrigerator Molestias;17/07/2024;3;163035;North;34456.66;15
Men's Wear Tempore;25/10/2023;3;162763.2;South;34700.67;20
Yoga Mat Aliquid;07/12/2024;4;162761.6;West;36502.8;10
Men's Wear Quidem;07/08/2024;3;162702.75;West;29052.25;15
Refrigerator Ipsum;17/09/2025;3;162657.6;North;14133.89;20
Kids Wear Doloremque;20/09/2025;5;162634.75;West;33370.7;10
Non-Fiction Autem;17/11/2024;4;162568;West;18654.31;10
Rice Quisquam;26/04/2024;3;162547.2;South;36134.62;10
Cushion Eos;03/03/2025;4;162521.6;West;20075.01;20
Lamp Consequatur;10/11/2024;4;162377.8;North;16712.23;5
Perfume Tempora;12/07/2025;4;162352;West;28396.03;20
Smartwatch Magni;29/01/2025;3;162208.8;South;18563.73;5
Lamp Sit;08/06/2025;5;162175.5;East;30400.7;15
Rice Labore;09/06/2024;3;162165;East;25330.18;5
Wheat Corporis;22/11/2023;4;162108;North;28163.45;0
Cricket Bat Iure;06/11/2024;3;161862;North;21216.11;15
Wall Art Voluptatem;03/01/2025;3;161683.35;West;31500.94;0
Shoes Consectetur;13/12/2023;5;161542.75;North;31954.32;5
Chair Adipisci;20/01/2024;3;161514;South;11816.56;0
Perfume Saepe;10/02/2024;4;161493.2;North;24319.86;0
Lamp Accusantium;27/03/2024;4;161305.6;North;25932.37;15
Puzzle Unde;22/04/2025;4;161265.4;South;9602.02;20
Lipstick Voluptatem;01/09/2024;3;161215.2;North;31723.28;5
Biography Temporibus;26/08/2025;3;161060.55;East;27410.79;15
Biography Repellat;05/12/2024;3;161047.2;East;16390.92;5
Yoga Mat Rerum;20/02/2024;4;160963.2;North;22376.28;15
Kids Wear Nostrum;28/03/2024;3;160882.05;North;16815.9;5
Cabinet Provident;16/02/2024;4;160833.6;East;35806.38;10
Cookware Set Voluptatum;22/05/2024;5;160683;North;33754.92;20
Action Figure Odit;24/09/2025;3;160565.85;West;32719.18;20
Dumbbells Dolorem;24/09/2024;5;160352;East;28140.21;20
Cookware Set Dolor;06/12/2024;4;160286.2;West;33283.48;10
Spices Suscipit;20/10/2024;4;160170.6;West;39645.99;5
Sugar Autem;02/10/2024;3;160099.2;West;20794.28;20
Camera Sit;14/12/2023;3;160053.6;North;24508.62;10
Yoga Mat Cum;15/06/2025;4;160024.4;South;25992.03;10
Tennis Racket Repellat;24/03/2024;5;159970;North;25271.25;20
Lipstick Aut;16/03/2024;4;159908.4;East;11869.58;5
Tennis Racket Rem;01/12/2024;5;159880;North;13769.85;20
Textbook Quo;05/02/2024;5;159723;East;21166.83;20
Cricket Bat Totam;17/02/2025;2;159698;West;38482.39;0
Face Cream Repellendus;18/08/2024;4;159616.8;West;12320.3;10
Clock Voluptates;03/07/2024;3;159454.05;North;13180.19;5
Fiction Aut;14/03/2025;3;159397.2;East;35555.24;0
Bed Natus;12/10/2024;3;159304.8;North;28378.16;15
Juicer Expedita;24/06/2025;2;159290;East;33087.24;20
Clock Recusandae;29/09/2024;5;159230;West;12362.22;10
Chair Qui;25/05/2025;3;159052.8;North;30452.8;10
Biography Magnam;22/06/2025;4;159022.4;South;12319.75;0
Doll Ad;30/04/2024;4;158977.2;South;39373.94;0
Board Game Officiis;02/01/2024;3;158964.45;South;20036.06;0
Kids Wear Facere;25/10/2023;3;158913;West;21779.91;20
Yoga Mat Officia;04/12/2023;5;158885;West;28450.38;15
Sofa Natus;31/12/2023;4;158876.8;North;23210.84;0
Comics Qui;22/05/2024;4;158786.8;North;19939.77;10
Bed Officiis;27/10/2024;3;158786.4;West;34242.52;5
Vase Animi;28/03/2025;2;158716;North;38917.65;5
Fiction Ipsum;30/05/2025;4;158652;East;38519.18;15
Oil Doloribus;23/05/2025;5;158610;South;36311.02;0
Cushion Vero;12/02/2025;5;158600;West;37260.34;0
Foundation Illum;22/08/2025;5;158521.75;South;33381.87;20
Foundation Cumque;10/03/2025;5;158449.5;South;14340.06;15
Bed Dolorem;22/07/2024;4;158372;East;28095.77;15
Lamp Provident;03/11/2024;3;158342.25;North;31455.82;20
Doll Nemo;03/04/2024;3;158325.6;East;31387.2;10
Fiction Officiis;06/01/2025;3;158325.6;North;33279.17;5
Biography Modi;22/01/2024;5;158184.5;East;25830.56;10
Sofa Praesentium;18/12/2024;3;158157.9;West;25712.93;10
RC Car Totam;23/06/2025;4;158137.2;South;22593.71;10
Non-Fiction Amet;15/12/2023;4;158108.4;West;23976.18;0
Mixer Grinder Earum;20/02/2024;5;158094;East;32036.26;20
Clock Reprehenderit;02/07/2024;5;157792.5;West;15634.85;15
Bed Corrupti;08/04/2024;4;157753.6;South;17599.53;0
Juicer Dignissimos;25/01/2024;5;157704.75;East;23794.68;0
Vase Quo;23/12/2023;4;157689.6;South;24924.61;15
Bed Enim;13/04/2024;4;157665.6;East;30789.59;15
Chair Tempora;26/11/2023;5;157403;North;34631.43;10
Sugar Suscipit;05/01/2025;3;157272;South;9403.17;10
Camera Rem;03/09/2024;4;157221.2;South;11773.36;10
Shoes Nemo;30/11/2024;4;157124;North;24626.13;15
Shampoo Et;01/06/2024;3;157103.4;North;21634.02;5
Accessories Repellat;30/07/2025;3;157072.35;West;19409.35;15
Dumbbells Quas;02/12/2024;2;156934;West;9444.77;15
Accessories Alias;26/08/2025;3;156926.7;West;31673.48;0
Rice Alias;31/12/2023;3;156909;North;15346.43;15
Shoes Eos;26/11/2024;5;156887.75;West;30861.53;5
Face Cream Quisquam;06/01/2024;3;156822;East;7844.5;20
Rice Ex;26/09/2025;4;156810.8;South;34043.45;5
Cricket Bat Aliquid;01/12/2023;5;156748;West;36611.86;20
Microwave Perferendis;30/06/2024;5;156618;East;36975.33;5
Refrigerator Sequi;05/07/2024;4;156447.6;East;8166.96;0
Clock Ab;12/02/2025;4;156422.4;North;37893.36;10
RC Car Illo;11/01/2025;3;156367.2;South;11129.02;10
Mixer Grinder Enim;16/01/2024;4;156362.6;North;36552.82;10
Shoes Distinctio;03/06/2024;4;156325.2;East;21389.39;0
Microwave Maiores;06/01/2025;5;156092;North;20235.42;5
Face Cream Voluptatum;11/05/2024;5;156028.5;East;23506.05;20
Chair Possimus;15/11/2023;3;155997.6;North;30649.82;20
Clock Maiores;30/03/2024;3;155898;West;11346.78;20
Wheat Autem;19/05/2024;3;155873.7;East;23254.14;5
Cabinet Aspernatur;22/09/2025;3;155608.65;West;19574.3;20
Camera Placeat;14/09/2024;5;155600.5;North;33651.01;15
Lipstick Dignissimos;31/12/2023;2;155492;North;14907.76;0
Non-Fiction Possimus;29/01/2025;4;155420;North;12410.77;15
Juicer Nemo;18/03/2024;5;155358;East;18268.21;15
Football Distinctio;25/08/2024;4;155307.6;East;29994.41;0
Textbook Delectus;13/07/2025;5;155250;North;38493.68;20
Mixer Grinder Nulla;11/02/2024;2;155086;West;30092.08;15
Wall Art Laboriosam;21/05/2025;4;154908.8;South;15605.01;10
Microwave Optio;21/04/2025;2;154824;South;13864.89;15
Action Figure Quibusdam;28/10/2023;2;154774;East;30950.31;10
Microwave At;01/06/2025;3;154669.5;North;30424.95;20
Football Suscipit;21/08/2025;3;154626.9;South;7902.21;0
Laptop Libero;19/10/2024;3;154557;West;29198.8;5
Spices Quo;20/10/2024;3;154519.8;East;30780.09;10
Foundation Dolor;11/06/2024;2;154508;West;11516.25;10
RC Car Maxime;09/01/2025;3;154464;West;27760.63;5
Mobile Exercitationem;03/07/2024;3;154392;South;12756.4;20
RC Car Exercitationem;28/02/2025;5;154275;South;38388.1;15
Smartwatch Vel;20/08/2024;2;154268;North;23295.77;5
Action Figure Possimus;13/05/2025;5;154237.5;West;24911.22;0
Mixer Grinder Maxime;10/07/2025;4;153926.6;West;19586.78;0
Refrigerator Magnam;18/07/2024;5;153864;South;30908.9;20
Mixer Grinder Exercitationem;11/07/2025;4;153707.2;West;9814.52;15
Table Exercitationem;29/12/2024;4;153598.4;East;34231.1;15
Perfume Quos;26/04/2024;3;153416.7;East;18308.7;0
Textbook Repudiandae;30/10/2023;3;153276.3;South;12602.59;20
Perfume Nesciunt;30/09/2024;3;153273.6;North;19509.55;0
Lamp Ex;09/06/2024;3;153273;West;15727.77;15
Spices Quia;19/02/2025;2;152740;North;20338.58;0
RC Car Eius;18/06/2025;4;152569.6;South;13719.94;0
Yoga Mat Mollitia;15/12/2023;3;152502;South;33094.56;5
Kids Wear Ipsam;21/05/2025;5;152484.5;West;16563.9;5
Doll Quae;26/02/2024;3;152312.55;North;8913.05;0
Camera Eligendi;04/05/2024;3;152260.8;East;27539.63;15
Women's Wear Possimus;18/10/2024;5;152077.75;South;7926.92;0
Shoes Vitae;03/12/2024;3;152056.05;North;28118.74;0
Oil Magni;22/02/2025;3;152036.1;South;34819.38;10
Comics Eos;18/04/2025;5;151915;West;35359.41;20
Mixer Grinder Ab;26/08/2025;3;151865.1;North;22798.74;20
Kids Wear Accusamus;20/05/2025;5;151861.5;West;26812.07;5
Laptop Facilis;09/07/2025;4;151860;East;9477.24;5
Microwave Cupiditate;22/07/2024;3;151809.15;West;10911.84;0
Table Tenetur;08/05/2024;3;151647;South;15286.16;20
Accessories Debitis;21/05/2025;4;151600;West;10673.32;0
Lamp Omnis;11/03/2025;4;151048.8;North;8095.62;10
Perfume Quisquam;01/10/2025;3;150776.1;North;23835.95;20
Board Game Quod;08/02/2025;5;150675;East;21442.39;0
Camera Vel;20/12/2024;2;150576.9;North;18926.24;10
Lamp Omnis;21/07/2024;5;150564.75;West;34871.16;15
Men's Wear Voluptates;07/08/2024;2;150540;South;31539.13;0
Football Soluta;12/10/2024;3;150536.7;East;30666.04;10
Cabinet Quo;20/01/2024;2;150494;North;27592.81;0
Doll Eveniet;01/06/2025;4;150425.6;West;29175.54;0
Men's Wear Aperiam;12/02/2024;4;150377.4;South;22273.27;0
Headphones Tempora;15/04/2024;3;150129;East;16029.1;10
Doll Eos;03/08/2024;3;150100.8;North;28260.17;5
Laptop Eligendi;15/03/2024;3;150040.8;South;11645.93;20
Non-Fiction Eos;02/07/2025;3;149975.55;North;27730.13;5
Cricket Bat Aut;10/12/2024;3;149940;West;28107.56;20
Puzzle Dolore;27/03/2024;2;149873.9;North;26015.04;5
Women's Wear Consequuntur;22/04/2025;5;149838.75;East;36850.09;10
Cabinet Maxime;30/08/2024;5;149832;West;18752.59;5
RC Car Minima;25/05/2024;5;149819.75;North;19113.2;20
Mobile Itaque;15/09/2025;3;149702.4;West;15843.36;0
Football Optio;26/12/2023;2;149654;North;21057.2;20
Biography Dicta;02/06/2025;5;149645;North;17538.36;0
Dumbbells Temporibus;27/02/2025;5;149499;North;31255.49;15
Chair Assumenda;05/11/2023;2;149425.5;South;16809.48;0
Sofa Repellendus;03/04/2024;3;149134.5;West;19303.92;0
Comics Unde;27/07/2024;4;149100.6;East;21260.28;15
Tennis Racket Inventore;01/07/2025;2;149012;East;23048.6;5
Board Game Veniam;26/07/2025;3;148918.5;West;14928.45;0
Wall Art Perferendis;18/01/2024;4;148762.4;North;22358.34;0
Textbook Illo;22/08/2024;4;148505.6;North;11976.6;15
Textbook Omnis;23/08/2025;4;148428;West;30281.57;20
Football Nulla;04/01/2025;5;148418.5;West;21233.06;0
Juicer Ipsa;09/02/2024;4;148262.4;West;24010.41;10
Football Nostrum;11/10/2023;5;148230;East;9688.02;10
Foundation Molestias;01/04/2025;3;148165.8;North;28610.94;15
Comics Suscipit;28/08/2025;4;147985.2;West;8141.62;10
Women's Wear Architecto;23/09/2025;3;147840;South;7523.52;20
Cushion Neque;23/05/2025;2;147658.5;North;7475.99;0
Lamp Non;18/01/2024;3;147611.85;North;19762.84;15
Mobile Dolores;27/08/2025;3;147601.65;North;12103.79;5
Table Eaque;22/03/2024;5;147570;South;34950.93;5
Football Hic;07/08/2025;4;147564.8;East;11329.56;0
Microwave Adipisci;19/07/2024;5;147501;South;16861.69;20
Table Laudantium;01/01/2024;5;147440;South;23444.45;5
Cookware Set Laborum;14/06/2024;4;147417.2;North;7648.12;0
Headphones Incidunt;01/07/2025;5;147385;North;21636.95;20
Clock Maiores;14/08/2025;3;147336.45;South;21418.07;0
Biography Nihil;04/03/2024;4;147312;East;31263.35;20
Face Cream Reiciendis;30/04/2024;5;147248;North;11285.43;20
Cookware Set Saepe;05/06/2025;2;147168.3;East;36464.82;10
Action Figure Alias;30/12/2024;5;147096;West;22451.03;0
Juicer Magni;28/01/2024;3;147071.25;North;29649.75;5
Camera Iusto;29/08/2025;3;147048;East;31514.86;10
Sofa Facere;05/06/2024;5;147028.5;North;35636.96;5
Bed Repellendus;09/09/2024;3;146682.9;East;24928.05;0
Perfume Autem;30/01/2025;5;146680;East;24225.08;5
Women's Wear Enim;06/01/2024;3;146220;North;26677.62;5
Puzzle Placeat;18/04/2025;5;146142;West;31297.64;15
Cookware Set Necessitatibus;23/02/2024;3;146071.05;South;13243.68;15
Lipstick Ab;27/11/2024;4;145992.6;West;26081.05;5
Juicer Officia;29/10/2023;4;145915.2;North;16116.01;0
Rice Similique;13/03/2024;4;145826;West;7889.12;20
Lipstick Rem;22/07/2025;5;145764;South;16625.43;10
Board Game Quaerat;20/04/2025;2;145726.2;West;20448.21;10
Chair Possimus;13/10/2023;2;145688.2;North;19981.67;0
Face Cream Repudiandae;07/06/2025;3;145482;South;17219.03;5
Shoes Repellat;17/02/2025;3;145407;West;7390.33;15
Clock Porro;05/02/2024;4;145377.2;South;29116.4;15
Tennis Racket Quod;05/07/2024;4;145360.2;South;19340.21;5
Juicer Nam;30/10/2023;3;145272;South;14861.52;5
Headphones Maxime;11/04/2025;4;145096;East;17331.65;15
Microwave Eum;21/09/2024;5;145066.5;West;34640.69;10
Face Cream Aliquid;06/04/2025;5;144976;East;19542.8;15
Smartwatch Veniam;17/01/2025;2;144962;West;30909;10
Smartwatch Iusto;19/03/2025;4;144921.6;North;10207.76;5
Kids Wear Nostrum;14/05/2024;5;144828;North;19373.73;15
Women's Wear Ea;14/09/2024;3;144760.05;West;31253.32;10
Women's Wear Impedit;10/10/2023;3;144750;North;33955.47;10
Cricket Bat Itaque;11/09/2024;3;144749.7;North;22216.6;0
Men's Wear Modi;01/12/2024;3;144557.7;North;20520.32;15
Dumbbells Ut;21/02/2025;4;144540;East;15616.79;5
Camera Magnam;01/07/2025;5;144348;East;26313.19;20
Rice Quia;20/08/2024;4;144320;South;9359.79;5
Dumbbells Dignissimos;06/02/2025;2;144200;South;8686.43;15
Juicer Dolor;01/08/2025;4;144010.4;South;16767.03;10
Textbook Non;08/03/2025;3;143985.75;South;21968.41;10
Men's Wear Officia;08/12/2024;4;143960.4;West;31677.41;20
Smartwatch Ut;20/04/2024;4;143879.4;North;27406.72;5
Kids Wear Ab;05/12/2024;4;143782.4;South;32187.92;10
Sofa Dolorem;15/12/2024;4;143768;West;14346.17;20
Textbook Iste;27/12/2023;5;143684;East;23355.51;5
Accessories Quam;07/01/2024;4;143334;West;33845.33;0
Women's Wear At;14/10/2023;4;143172.6;North;9568.99;5
Cookware Set Natus;26/01/2025;4;143072;West;19431.3;15
Face Cream Exercitationem;08/01/2025;2;143047.8;South;28493.2;20
Cricket Bat Inventore;24/07/2025;3;142989;East;29454.77;10
Textbook Consectetur;04/06/2024;5;142941.75;North;30301.73;0
Doll Culpa;11/10/2023;2;142737.5;East;11387.13;0
Lipstick Doloremque;28/08/2024;2;142615.9;West;7163.76;20
Face Cream Sapiente;31/01/2024;3;142589.7;South;31272.54;20
Lipstick Modi;14/12/2023;3;142508.55;West;16379.77;10
Cricket Bat Minus;27/12/2024;3;142437;West;13234.4;0
Fiction Perferendis;09/12/2024;2;142342;North;33033.92;20
Camera Enim;23/11/2023;4;142332;West;21316.24;0
Smartwatch Error;25/12/2023;2;142306.2;North;10168.18;15
Action Figure Ab;08/09/2024;2;142270.2;North;29485.65;10
Men's Wear Explicabo;13/07/2025;5;142240;North;33226.84;10
Laptop Veritatis;25/03/2025;4;142230.4;East;29759.99;0
Microwave Sapiente;09/10/2023;2;142209;East;14090.31;5
Football Deleniti;22/03/2024;4;142130.2;North;8563.29;10
Kids Wear Ipsa;25/10/2024;2;142126.2;South;11846.26;15
Chair Excepturi;04/04/2024;2;142120.8;North;12670.11;20
Board Game Sequi;06/09/2024;2;141893.9;South;9116.35;20
Bed Ipsa;07/06/2024;5;141877.75;West;34615.46;0
Cabinet Adipisci;28/11/2024;3;141847.35;North;16771.07;15
Table Ipsa;24/12/2024;4;141801.6;East;31103.35;0
Oil Sit;06/02/2024;5;141660;East;22581.15;0
Fiction Voluptates;17/07/2024;2;141650;West;29067.19;0
Headphones Veritatis;26/10/2024;3;141577.2;West;16774.17;0
Vase Perferendis;12/03/2024;5;141571.75;North;10032.41;20
Football Modi;29/11/2023;3;141240.3;East;13429.09;10
Face Cream Minus;22/07/2024;2;141188;West;30893.97;15
Mobile Modi;02/09/2025;3;141186;South;8557.97;15
Table Repudiandae;25/08/2025;2;141149.1;West;10114.55;5
Mixer Grinder Nisi;19/01/2024;3;141091.2;South;25543.61;10
Clock Assumenda;20/01/2025;2;141069.6;South;7433.26;10
Kids Wear Nemo;04/06/2025;4;141048.4;East;13478.66;5
Cabinet Nemo;08/06/2024;5;140994;West;11582.73;20
Shoes Ducimus;25/11/2023;5;140908.5;East;14301.31;0
Men's Wear Iure;04/05/2025;3;140896.8;South;27019.18;10
Accessories Dignissimos;05/05/2025;2;140873.6;East;26268.05;5
Yoga Mat Esse;27/08/2024;4;140841.6;West;21148.03;0
Sofa Maiores;20/10/2024;4;140771;South;26033.58;5
Tennis Racket Asperiores;11/05/2024;3;140770.05;South;32407.19;20
Yoga Mat Laborum;12/12/2023;5;140706;South;19746.09;0
Foundation Perspiciatis;19/09/2024;3;140661;South;34962.57;5
Clock Deserunt;18/11/2024;5;140633.25;West;34618.19;5
Mixer Grinder In;04/08/2025;3;140623.2;North;32834.38;20
Action Figure Quasi;23/11/2023;3;140564.85;North;23008.66;20
Kids Wear Deleniti;26/10/2024;5;140528;East;9631.13;15
Doll Voluptatem;10/03/2024;3;140517.6;South;7625.21;10
Shampoo Consequuntur;12/08/2024;4;140459.4;North;31023.13;0
Kids Wear Necessitatibus;07/06/2025;2;140425.2;North;22250.51;15
Puzzle Laborum;11/04/2025;4;140291.2;East;15960.84;10
Sofa Molestiae;12/05/2025;2;140262;West;18548.38;20
Microwave Fuga;09/12/2024;3;140214.3;North;21191.11;15
Comics Aut;02/07/2024;2;140072.4;North;11789.81;20
Football Commodi;20/08/2024;3;139956.75;North;25632.64;0
Smartwatch Minus;03/04/2025;2;139930;West;19954.53;20
Laptop Quasi;13/03/2024;2;139862;South;27076.75;10
Juicer Illo;22/10/2023;2;139772;South;23487.65;10
Cricket Bat Delectus;20/04/2025;4;139745;South;17301.9;5
Football Eum;12/01/2024;2;139644.3;South;17243.39;10
Fiction Aut;31/08/2024;2;139626;East;31459.66;15
Headphones Non;21/05/2024;3;139612.5;South;12103.4;15
Men's Wear Labore;13/10/2023;2;139545;South;21135.93;10
Sofa Ea;17/03/2024;5;139448;North;24702.71;15
Football Ea;28/07/2025;2;139334.4;North;16926.08;0
Puzzle Illo;17/07/2024;4;139308.8;North;26316.06;20
Football Iusto;05/08/2024;2;139236;North;30309.19;10
Yoga Mat Perferendis;15/06/2024;3;138984;North;13131.13;20
Spices Consequuntur;28/01/2024;5;138712.5;North;22273.69;10
Men's Wear Ea;02/04/2025;3;138662.4;East;9147.61;5
Refrigerator Ipsam;01/08/2024;4;138640;East;11817.03;0
Smartwatch Ad;28/01/2024;4;138529.6;North;21892.54;15
Face Cream Nisi;11/11/2024;5;138432;North;13386.86;0
Sugar Facilis;28/12/2023;4;138376.6;North;31390.34;10
Chair Unde;16/05/2025;2;138358.8;East;30204;15
Laptop Tempore;25/10/2024;5;138345;South;18153.21;5
Juicer Dignissimos;10/06/2024;2;138337.2;East;26344.51;0
Cricket Bat Quos;17/11/2024;3;138204;North;9449.04;20
Comics Placeat;18/08/2024;3;137986.2;North;9602.03;0
Bed Laudantium;11/12/2024;3;137932.8;South;26664.84;10
Puzzle Quos;03/02/2025;2;137878;North;30885.9;20
Yoga Mat Quibusdam;05/11/2023;4;137860;East;11233.59;10
Mixer Grinder Totam;12/02/2025;2;137754;South;19605.36;5
Vase Ducimus;02/06/2025;3;137672.1;South;23820.28;20
Bed Illum;30/06/2024;4;137560;North;18865.74;15
Cushion Nam;03/05/2024;3;137345.55;North;19064.46;0
Non-Fiction Praesentium;02/03/2024;5;137343;West;7982.14;20
Camera A;11/02/2024;2;137260;South;16783.04;10
RC Car Itaque;15/04/2025;2;137193.3;South;20208.54;15
Face Cream Soluta;19/10/2023;2;137182;West;12922.77;15
Clock Provident;09/01/2024;4;137168;East;33083.87;20
Fiction Adipisci;11/02/2024;3;137109.6;South;29038.47;20
Cabinet Hic;24/03/2025;5;136937.75;South;8604.56;10
Rice Illum;16/04/2024;4;136873.6;South;20500.48;15
Microwave Molestiae;25/05/2025;5;136738.25;West;26610.04;5
Cricket Bat Facilis;28/08/2024;4;136688.4;West;26268.67;0
Non-Fiction Ut;30/11/2023;2;136630.9;East;26339.48;15
Cabinet Non;25/12/2024;4;136627.2;North;26816.31;10
Cabinet Occaecati;11/12/2024;4;136614.4;South;9702.94;20
Tennis Racket Excepturi;16/12/2023;4;136601.6;South;16886.7;10
Face Cream Ab;20/10/2023;3;136596;South;17650.23;5
Wheat Laborum;05/12/2024;3;136582.2;South;22714.09;15
Board Game Harum;13/07/2025;2;136432;West;33682.96;10
Biography A;21/01/2024;5;136429.5;West;20182.22;10
Bed Iste;01/07/2024;3;136425.6;East;27424.62;20
Headphones Aliquam;24/03/2024;4;136421.6;South;19061.19;15
Textbook Consequuntur;03/11/2023;2;136404;South;33860.63;15
Oil Perspiciatis;19/03/2025;4;136400.4;South;17050.92;0
Action Figure Beatae;22/11/2023;3;136379.7;South;20913.92;20
RC Car Alias;16/07/2025;3;136138.8;North;21724.21;10
Board Game Praesentium;18/02/2024;3;135936.9;South;32641.68;20
Textbook Nihil;11/10/2023;3;135717.6;North;9387.13;10
Wheat Sit;04/03/2025;4;135716;East;15019.47;15
Cabinet Vero;12/09/2024;2;135711.3;South;15321.02;5
Accessories Magnam;24/04/2024;5;135704;South;8332.39;15
Non-Fiction Suscipit;22/04/2025;3;135675;West;16227.09;15
Refrigerator Molestias;24/11/2024;2;135626.4;South;10376.19;15
Tennis Racket Eum;01/08/2024;3;135523.8;West;13244.37;15
Cookware Set Ut;07/03/2024;5;135517.5;West;8531.85;0
Dumbbells Illum;17/01/2025;3;135418.5;North;26701.56;20
Sugar Ex;19/12/2024;5;135341.25;West;9972.7;20
Fiction Necessitatibus;03/06/2024;3;135236.7;West;16863.94;15
Shampoo Voluptatibus;23/01/2025;2;135218;East;19337.93;10
Puzzle Tempora;11/12/2024;5;135137.5;West;8543.18;0
Chair Quaerat;14/01/2025;5;135092;East;32752.29;15
Microwave Minus;22/11/2024;4;135071.8;North;22384.19;10
Camera Cupiditate;01/06/2024;4;135017.4;South;31622.78;5
Doll Accusamus;03/11/2024;4;134765.8;West;31634.91;20
Cushion Consectetur;07/06/2024;3;134762.4;North;14586.69;5
Mobile Libero;11/04/2025;4;134728;West;11246.41;0
Lipstick Quidem;11/07/2024;4;134684.2;South;13402.41;5
Juicer Hic;23/04/2024;2;134667;North;9914.07;0
Men's Wear Dolorum;19/05/2025;4;134650.8;South;24414.61;5
Yoga Mat Quam;15/07/2024;2;134611.1;South;26815.83;5
Headphones Sed;13/09/2025;3;134412;West;16686.39;0
RC Car Voluptatibus;28/01/2025;3;134391;South;28231.56;5
Smartwatch Ad;24/05/2024;3;134362.05;North;26225.16;20
Biography Ratione;25/05/2025;3;134361.6;North;13024.46;15
Rice Dicta;31/08/2025;2;134250;North;22469.48;10
Biography Maxime;27/07/2024;5;134181;South;24989.79;20
Tennis Racket Voluptate;07/04/2025;4;134099.2;West;22270.89;0
Women's Wear Id;09/12/2023;2;134087.5;East;10253.53;15
Football Provident;21/07/2025;2;134073;West;15987.45;10
Vase Nam;20/11/2023;3;134037;North;13699.19;0
Textbook Labore;19/08/2025;3;133992.75;East;11478.75;0
Foundation Pariatur;28/02/2025;2;133929;North;7482.25;5
Perfume Assumenda;22/04/2025;5;133852.5;West;22784.4;15
Accessories Deserunt;29/05/2025;2;133846.2;North;22113.85;10
Comics Facilis;26/06/2025;2;133799.4;South;21805.59;0
Women's Wear Deserunt;10/12/2024;5;133798.5;West;25623.16;20
Doll Recusandae;05/05/2024;3;133767.9;East;22537.56;15
Mixer Grinder Voluptatem;01/05/2024;3;133696.35;North;10081.54;0
Cricket Bat Sed;12/03/2024;2;133689.7;North;14603.2;15
Men's Wear Harum;16/06/2024;3;133656;North;30876.49;15
Juicer Eius;13/04/2024;5;133492.5;West;7030.11;0
Mobile Velit;01/09/2024;2;133446.6;North;27310.85;15
Comics Omnis;25/03/2025;5;133395;East;16580.96;20
Headphones Quidem;06/09/2024;5;133348.5;West;10534.82;20
Tennis Racket Optio;07/05/2024;3;133325.85;South;18817.25;10
Kids Wear Vel;20/03/2024;2;133250.8;North;26249.81;5
Mixer Grinder Explicabo;15/02/2024;3;133247.7;South;29533.21;20
Cricket Bat Labore;08/11/2023;4;133235.6;East;32120.29;10
Chair Impedit;22/01/2024;5;133172;South;19316.3;20
Textbook Suscipit;09/02/2024;2;133104.9;West;30382.28;20
Smartwatch Cumque;12/02/2025;4;132952;North;10594.2;10
Doll Quasi;21/11/2023;3;132934.05;North;17718.31;15
Non-Fiction Veritatis;11/10/2023;4;132920;East;26592.57;15
Spices Error;07/03/2024;5;132863.5;North;12796.17;0
Kids Wear Sapiente;12/12/2024;4;132692.2;West;8957.49;20
Juicer Quia;05/11/2023;3;132605.1;North;24250.11;5
Sofa Ipsa;10/02/2025;5;132604.25;South;18876.5;0
Perfume Similique;25/01/2025;2;132601;East;14413.85;0
Doll Necessitatibus;27/03/2025;3;132574.5;West;16700.98;0
Laptop Unde;13/10/2023;2;132513.3;North;16953.48;20
Rice Reprehenderit;10/08/2025;4;132416.4;North;16252.05;0
Sugar Eius;12/05/2025;4;132372;North;9159.05;20
Mobile Repudiandae;26/01/2024;4;132264;West;27056.98;0
Lipstick Eaque;11/09/2024;2;132170;East;18277.29;15
Spices Alias;23/01/2024;4;132110.8;South;18786.46;0
Refrigerator Veritatis;24/11/2023;3;132075.9;West;21008.52;10
Cabinet Ab;22/08/2024;2;131938.2;North;18463.12;10
Lamp Sapiente;17/05/2024;4;131857.2;South;29930.86;0
Textbook Fugiat;30/05/2025;3;131814;East;22925.81;0
Juicer Minus;28/01/2024;5;131690;South;10871.81;20
Sofa Expedita;13/07/2024;3;131689.95;North;32483.99;20
Non-Fiction Porro;04/09/2025;2;131653.1;North;24358.19;20
Spices Eaque;15/04/2024;3;131567.25;South;13771.3;10
Vase Nulla;15/06/2024;3;131551.95;East;32663.29;0
Fiction Nobis;13/07/2025;3;131424;South;26792.06;20
Board Game Veritatis;17/07/2024;3;131387.85;West;30694.75;0
Board Game Vero;10/07/2025;2;131278.6;East;21514.99;20
Sugar Voluptas;21/11/2024;5;131204;South;10020.28;5
Table Excepturi;03/12/2023;2;131151.3;West;8562.53;15
Wheat Optio;17/12/2024;3;131148.45;East;27105.78;15
Shampoo Beatae;01/07/2024;3;130960.35;East;23910.03;0
Men's Wear Ad;05/06/2024;4;130842;North;6607.11;15
Non-Fiction Officiis;09/03/2024;2;130801.7;West;31514.33;0
Fiction Cumque;14/10/2023;3;130779;South;24348.15;5
Comics Voluptatibus;25/12/2024;4;130628.8;North;15353.38;15
Cabinet Dignissimos;12/06/2024;3;130515.75;East;22802.44;5
Cabinet Repellendus;20/02/2025;5;130324;North;18179.85;0
Sugar Quasi;02/01/2024;3;130281;East;7739.61;0
Comics Placeat;01/04/2024;2;130094.9;North;7882.32;0
Board Game Quae;10/05/2025;4;130077.2;North;27959.59;0
Camera Numquam;16/02/2025;4;130070.4;East;21460.14;15
Yoga Mat Ex;07/04/2024;5;130037.25;West;7176.31;15
Comics Delectus;26/04/2024;4;130019.2;West;23457.62;15
Foundation Ullam;13/05/2024;3;129969;East;13215.51;5
Table Soluta;05/09/2024;2;129953.1;North;18030.42;5
Bed Architecto;17/07/2025;3;129863.85;East;11599.47;15
Fiction Fugit;04/05/2024;2;129813.7;South;19178.92;0
Headphones Repellendus;13/07/2024;4;129812.4;East;24467.6;0
Tennis Racket Consequuntur;25/05/2024;2;129746;East;22510.46;0
Refrigerator Ad;25/04/2025;2;129746;North;9933.6;10
Kids Wear Sit;24/09/2025;4;129731.2;West;20950.45;10
RC Car Nulla;27/06/2025;4;129708.8;East;14787.32;0
Juicer Voluptatem;17/02/2025;2;129704;North;28406.79;15
Yoga Mat Quaerat;19/10/2023;4;129671.2;South;8392.19;0
Laptop Vel;07/12/2024;3;129669.3;North;31511.19;0
Mixer Grinder Quas;16/02/2025;3;129648.6;West;27366.93;5
Football Eaque;09/11/2023;3;129598.05;East;24022.94;20
Table Numquam;01/05/2024;5;129497.5;West;23264.63;20
Juicer Consequatur;17/06/2025;3;129494.7;West;13233.45;10
Smartwatch Esse;17/08/2025;2;129490.7;North;17007.19;15
Perfume Quibusdam;01/04/2025;5;129470.75;North;24295.16;0
Puzzle Sequi;24/12/2023;3;129451.2;South;10800.88;0
Puzzle Illo;28/07/2025;5;129056;East;28396.22;10
Yoga Mat Ipsam;24/08/2025;2;129052.1;North;30642.88;20
Cookware Set Aliquam;30/11/2024;3;129021.6;East;13193.29;5
Rice Occaecati;02/03/2025;2;129002.4;North;27417.28;5
Shoes A;11/03/2025;4;128968.2;West;23069.65;10
Action Figure Minus;09/06/2025;4;128934;East;25079.01;10
Table Molestiae;04/01/2024;2;128907;North;27444.71;20
Mixer Grinder Recusandae;28/05/2025;2;128829.6;North;14012.66;20
Wall Art Iusto;29/07/2025;2;128771.6;North;16647.26;20
Foundation Voluptatem;08/05/2025;2;128719.8;North;22906.72;15
RC Car Occaecati;29/09/2024;5;128649;South;9852.58;5
Wall Art Cumque;21/05/2025;3;128592;North;25750.65;10
Men's Wear Error;22/08/2025;3;128577.6;East;25557.86;5
Textbook Quis;09/10/2024;3;128551.2;North;12687.43;0
Lipstick Labore;10/05/2025;3;128504.7;East;7003.12;20
Board Game Alias;14/04/2024;3;128486.4;East;31527.42;0
Cricket Bat Eum;12/09/2024;2;128338.2;West;26654.8;0
Vase Dolorem;15/07/2024;2;128307;North;17731.04;20
Yoga Mat Et;09/11/2023;2;128282;West;19421.47;0
Shoes Rem;21/07/2025;2;128109.6;East;7863.75;15
Sofa Fugiat;09/07/2025;3;127963.8;West;25034.84;0
Mobile Nihil;03/10/2024;4;127944;South;17284.96;0
Shoes Quod;14/03/2024;4;127924;South;23531.26;0
Face Cream Pariatur;06/07/2024;2;127916.8;South;20455.65;10
Wheat Aspernatur;05/04/2024;2;127910;East;10570.02;5
Camera Nisi;02/06/2025;4;127862.4;East;7221.46;5
Doll Quaerat;31/08/2024;4;127828.2;North;22607.99;0
Lamp At;28/06/2025;2;127712;West;20794.83;10
Non-Fiction Cum;12/05/2024;2;127514.7;East;19052.36;20
Wheat Adipisci;23/03/2024;2;127513.6;West;15071.89;20
Microwave Quae;26/05/2024;4;127500;South;22702.47;20
Cricket Bat Molestias;27/04/2024;3;127485.6;East;9311.45;10
RC Car Minus;21/08/2024;3;127464;South;9498.27;0
Shoes Eaque;18/05/2025;3;127392.15;South;23442.32;0
Dumbbells Doloribus;03/05/2025;5;127264.5;North;31811.06;20
Textbook Doloribus;14/04/2025;4;127184;West;26219.33;10
Refrigerator Doloremque;25/07/2024;2;127176;North;19499.8;10
Smartwatch Eum;01/01/2024;2;127163.4;North;8863.77;20
Women's Wear Corrupti;27/05/2025;3;127152.75;East;12407.21;10
Headphones Laboriosam;13/03/2024;2;127129;West;11643.35;10
Juicer Id;22/04/2025;4;127115.8;East;30152.93;5
Shoes Voluptates;15/06/2024;3;127096.8;North;18748.87;20
Textbook Accusamus;01/09/2025;2;127096.2;East;30765.41;20
Wheat Repellendus;27/10/2024;3;127037.7;West;28041.84;0
Wheat Beatae;21/03/2024;3;127023;West;22887.76;10
Rice Voluptatibus;11/11/2024;2;127022;North;30831.18;20
Kids Wear Quas;02/05/2025;3;126948.6;South;27640.87;20
Smartwatch Totam;07/01/2025;2;126942.8;West;23582.55;5
Refrigerator Eaque;21/07/2024;2;126935.2;East;18226.83;15
Cabinet Aut;11/07/2025;2;126834;South;14328.53;20
Fiction Quisquam;13/06/2025;2;126775.8;East;24909.23;5
Sofa Cumque;24/07/2025;2;126726.4;North;17506.09;15
Laptop Ipsam;29/09/2024;2;126600;North;16591.78;5
Chair Ad;03/11/2023;4;126529.2;East;31426.35;10
Football Harum;22/03/2025;3;126495;North;28001.62;20
Football Esse;16/03/2024;5;126463.5;East;10750.92;5
Camera Culpa;06/08/2024;4;126426;South;12467.79;20
Headphones Unde;02/12/2024;3;126420;South;23779.71;20
Accessories Eveniet;10/05/2024;3;126383.1;North;24375.08;0
Clock Dignissimos;10/07/2025;5;126315;East;15891.61;10
Dumbbells Itaque;08/11/2023;2;126296;North;14274.55;10
Smartwatch Culpa;20/04/2024;2;126196.1;East;26301.68;20
Women's Wear Quaerat;13/09/2024;2;125962.4;West;30173.26;10
Dumbbells Asperiores;19/01/2025;2;125907.3;East;30852.36;0
Kids Wear Voluptatum;15/02/2024;2;125893.5;East;12613.24;15
Bed Consequatur;22/09/2025;2;125881.2;South;15503.81;15
Cricket Bat Earum;09/01/2024;2;125768.6;West;19628.07;0
Doll Debitis;04/01/2024;3;125687.85;South;22363.32;20
RC Car Qui;18/09/2024;5;125559;North;20223.06;20
Face Cream Quo;16/01/2025;2;125476;West;16102.97;10
Cushion Ipsum;23/05/2025;3;125395.2;West;13850.13;20
Oil Omnis;29/09/2025;3;125208;West;7746.81;0
Mixer Grinder Et;20/04/2024;2;125199.9;North;8827;10
Juicer Voluptate;05/02/2024;4;124995.2;West;30886.7;15
Dumbbells Est;24/08/2024;3;124987.2;West;11868.47;10
Headphones Facilis;15/12/2024;2;124940.8;North;8951.74;20
Rice Impedit;13/01/2024;2;124936.4;West;19544.76;0
Microwave Aspernatur;26/07/2025;2;124936;East;30082.52;10
Shampoo Ullam;03/01/2024;2;124858.8;West;9130.74;10
Comics Vitae;19/06/2025;2;124839;South;12058.92;15
Laptop Aspernatur;16/11/2024;3;124761.6;West;27591.91;15
Football Enim;22/12/2024;2;124680;East;29388.7;0
Perfume Porro;06/08/2024;5;124659;West;26106.42;0
Perfume Minima;01/09/2025;4;124657.6;North;10899.63;15
Fiction Temporibus;19/04/2024;3;124603.2;North;9377.17;5
Action Figure Fugit;28/02/2025;5;124492.5;South;19127.07;20
Wall Art Quis;07/07/2025;2;124450;East;14004.36;10
Cricket Bat Molestias;26/05/2024;3;124442.4;West;27980.89;0
Lamp Quasi;01/07/2024;5;124431.5;South;16098.85;10
Microwave Quos;26/03/2025;3;124326.9;East;16812.12;20
Mixer Grinder Laborum;29/05/2025;3;124213.05;North;30220.19;5
Cookware Set Possimus;05/01/2024;2;124092.8;West;11165.53;10
Perfume Dolorum;24/11/2023;3;124013.7;South;17277.47;5
Sofa Maiores;24/08/2024;2;124005.6;South;22523.65;0
Action Figure Et;26/11/2024;3;123979.2;West;9231.41;0
Mobile Fuga;24/05/2025;2;123892.6;North;7564.37;10
Camera Modi;09/09/2025;4;123868.6;East;20841.23;10
Sofa Quaerat;11/01/2025;5;123785;South;24340.25;5
Bed Sit;16/02/2024;3;123748.95;East;9391.17;15
Wall Art Atque;23/01/2025;2;123719.2;North;27010.65;10
Sugar Est;19/07/2024;2;123705.6;North;15183.16;10
Comics Unde;02/12/2024;3;123675;North;20159.26;10
Men's Wear Occaecati;18/10/2024;5;123665;North;26126.1;15
Sofa Reiciendis;20/08/2024;3;123575.55;West;27772.5;15
Laptop Occaecati;07/06/2025;2;123560;North;20415.59;5
Biography Officia;13/09/2025;2;123559.2;North;13468.47;10
Yoga Mat Autem;22/10/2023;2;123523.7;North;13667.36;15
Chair Unde;23/07/2024;2;123448.7;West;14448.41;15
Puzzle Accusamus;29/06/2025;4;123444;West;26964.36;20
Foundation Saepe;27/10/2024;4;123422.4;South;14489.32;15
Smartwatch Magni;17/11/2023;5;123408;West;18240.32;10
Wall Art Iusto;11/07/2024;4;123331.2;North;7235.78;10
Smartwatch Mollitia;28/11/2023;3;123082.95;South;28621.7;5
Kids Wear Iste;16/05/2025;3;123054;East;8004.32;0
Cabinet Temporibus;11/05/2024;3;123033.6;North;27145.18;20
Puzzle Labore;27/09/2025;4;122979.2;South;20581.59;5
Clock Accusantium;24/04/2025;2;122958;West;21713.78;0
RC Car Deserunt;05/11/2024;2;122894;North;24583.44;10
Tennis Racket Quia;01/07/2024;5;122848;South;19074.55;0
Sofa Eum;24/11/2024;2;122790;East;18970.57;0
Sofa Laudantium;19/04/2024;2;122782.4;East;30597.08;10
Lamp Culpa;09/03/2024;4;122763.8;East;27355.49;15
Headphones Labore;31/07/2024;2;122479.2;West;10609.67;5
Non-Fiction Exercitationem;12/07/2025;4;122458.8;North;8662.03;0
Perfume Laudantium;05/11/2024;3;122289.6;East;10100.8;0
Chair Veniam;04/12/2023;4;122288.4;South;16649.69;0
Chair Voluptatum;18/05/2024;5;122234.25;South;21318.01;10
Vase Aut;25/03/2025;5;122155.75;West;15578.29;15
Mobile Magnam;27/02/2025;5;122152.5;East;24218.26;5
Tennis Racket Corrupti;24/12/2024;3;122129.1;East;13140.77;10
Oil Sunt;11/01/2024;3;122091.15;West;30284.02;5
Comics Reprehenderit;25/05/2024;5;121954.5;West;16875.23;15
Non-Fiction Repellendus;14/07/2024;2;121876.2;East;25358.5;0
Puzzle Assumenda;30/09/2025;2;121814;West;24378.77;0
Lipstick Cupiditate;21/12/2023;3;121773;South;23091.99;15
Non-Fiction Molestiae;18/10/2024;3;121708.95;North;27820.32;10
Biography Atque;10/05/2024;2;121700.8;East;11308.05;20
Biography Provident;18/07/2024;3;121696.8;West;16451.03;20
Puzzle Veniam;05/03/2024;4;121658.8;West;18258.37;5
Sugar Nobis;14/04/2024;3;121609.5;North;27124.05;5
Smartwatch Consectetur;23/12/2024;3;121552.5;East;18972.93;5
Tennis Racket Maxime;05/10/2023;2;121444.6;East;26940.85;10
Camera Quae;14/01/2024;2;121368.6;South;15168.55;5
Cookware Set Natus;23/11/2024;4;121340.8;South;11472.37;5
Kids Wear Iusto;16/10/2023;5;121176;South;19344.13;10
Vase Provident;16/09/2024;2;121048.5;East;13122.19;5
Football Fugit;29/11/2023;2;120825.6;West;21724.94;5
Wall Art Facere;14/11/2023;3;120691.8;North;21925.13;0
Women's Wear Eaque;05/04/2024;3;120637.65;North;29672.69;0
Tennis Racket Culpa;17/01/2024;2;120636.7;East;26839.18;5
Fiction Illum;18/04/2025;5;120630;West;11786.01;15
Clock Reprehenderit;07/08/2024;4;120615.8;North;13729.82;15
Cushion Provident;17/07/2024;5;120332;North;6259.45;15
Board Game Ab;19/05/2024;5;120327;North;25226.34;15
Biography Iusto;14/05/2025;2;120297.1;North;28266.87;20
Wheat Repellat;12/09/2025;3;120190.2;West;19480.82;20
Shampoo Possimus;15/12/2023;2;120180.7;East;19412.75;0
Wall Art At;20/10/2023;2;120123;West;7514.62;5
Fiction Eos;28/04/2024;2;120103.2;East;19912.51;20
Wall Art Distinctio;12/06/2025;2;120097.8;North;26133.82;5
Mixer Grinder Impedit;20/03/2024;3;120090;North;20011.5;0
Shoes Officia;29/06/2024;3;120044.85;North;18629.53;5
Cricket Bat Assumenda;22/07/2024;2;120024;East;16077.34;10
Doll Assumenda;02/03/2024;2;119981.2;South;23234.02;20
Kids Wear Quia;24/12/2023;2;119948;East;20199.52;0
Tennis Racket Pariatur;18/08/2024;3;119936.7;North;14181.28;10
Oil Voluptatibus;14/05/2025;3;119910;East;25086.24;10
Spices Dolore;28/10/2023;2;119878.6;North;17242.69;10
Cushion Aperiam;30/08/2024;3;119878.05;East;19547.8;0
RC Car Reiciendis;16/12/2023;3;119714.85;West;10320.87;0
Cushion Earum;10/07/2024;4;119660.8;West;26431.65;10
Board Game Repudiandae;04/04/2025;5;119644;South;15340.86;15
Chair Vero;23/09/2024;4;119612.8;West;14358.68;5
Clock Voluptate;10/10/2023;2;119548;West;25181.98;15
Dumbbells Labore;15/11/2024;3;119524.8;East;6933.68;20
Bed Reprehenderit;27/05/2024;2;119426;North;10672.58;20
Football Nesciunt;29/06/2024;3;119370;North;25753.35;10
Wheat Commodi;31/12/2023;3;119235.45;West;7584.16;5
Women's Wear Optio;03/12/2023;5;119215;West;21029.48;5
Refrigerator Laboriosam;10/03/2025;2;119124;North;11694.87;15
Accessories Ipsum;18/02/2024;4;119031.2;North;22802.84;20
Cushion Inventore;29/05/2025;2;119003.4;East;12002.32;10
Lamp Maxime;02/02/2025;2;118864;South;7041.44;20
Refrigerator Ad;18/12/2023;5;118860;North;16062.25;5
Cricket Bat Unde;21/08/2025;4;118850.4;South;29592.8;20
Mixer Grinder Neque;24/08/2025;2;118834;West;19244.07;10
Refrigerator Sapiente;09/11/2024;2;118796.8;East;24380.89;0
Board Game Iusto;15/02/2024;2;118764.8;North;15381.4;20
Board Game Quae;17/04/2024;5;118728;East;16896.36;0
Cricket Bat Blanditiis;18/03/2024;2;118712.7;North;6713.08;0
Juicer Excepturi;07/04/2024;3;118586.7;South;28062.77;10
Biography Nihil;18/05/2025;2;118465.6;East;19835.5;15
Rice Id;16/04/2024;2;118246.9;East;18240.54;10
Yoga Mat Fugit;30/11/2023;4;118221.4;West;26006.19;15
Spices Magni;28/11/2024;3;118220.85;East;27085.87;20
Biography Eius;25/11/2023;4;118184;West;25056.82;0
Shoes Quo;05/10/2023;2;118178.1;East;23352.1;0
Sugar Modi;12/08/2025;3;118069.8;East;19715.81;20
Cabinet Officia;22/07/2024;5;118064;East;12228.11;10
Cookware Set Beatae;08/12/2023;3;118029;East;19795.15;10
Mobile At;05/02/2025;2;117993.8;East;19323.02;15
Sugar Dignissimos;15/11/2024;5;117797.25;South;23278.42;0
Cookware Set Sequi;24/07/2025;5;117784.5;North;21282.16;20
Face Cream Voluptatem;26/05/2025;4;117731.6;South;15108.5;5
Wheat Dolore;20/12/2024;4;117718.2;West;21648.73;0
Perfume Occaecati;06/08/2025;2;117718.2;North;24367.26;5
Action Figure Corporis;22/12/2023;5;117605;West;22118.89;10
Yoga Mat Totam;08/01/2024;2;117485.3;East;27954.82;15
Dumbbells Aspernatur;27/10/2024;3;117254.7;South;7179.82;5
Puzzle Nesciunt;25/06/2024;4;117059.2;South;8082.87;20
Textbook Reprehenderit;17/11/2023;2;116996.4;South;9366.45;5
Women's Wear Corporis;26/08/2024;3;116980.2;South;26824.08;20
Rice Hic;05/12/2024;5;116917.5;East;6165.95;15
Biography Optio;23/05/2024;2;116863.1;South;28129.25;5
Sofa Qui;07/12/2023;4;116766;East;14779.09;10
Board Game Rem;09/05/2025;3;116745.6;North;12534.2;5
Refrigerator Voluptates;23/06/2025;4;116742.4;North;23264.65;10
Foundation Ratione;29/10/2024;3;116707.5;South;19903.93;20
Wall Art Eius;17/04/2024;4;116686.6;East;23786.99;20
Doll Omnis;08/03/2025;2;116680;South;10906.98;5
Refrigerator Aliquam;11/09/2024;3;116678.4;North;14084.13;20
Action Figure Distinctio;25/02/2025;3;116650.5;West;28884.86;5
Sugar Dolores;02/07/2024;2;116650.5;North;8827.18;10
Oil Et;22/06/2025;4;116614.4;North;22352.77;20
Bed Nisi;29/07/2025;2;116555.5;West;19507.55;15
Clock Itaque;14/12/2023;5;116525;East;28533.39;20
Action Figure Ab;30/05/2024;5;116472;South;17210.26;20
Wall Art Facilis;20/10/2023;3;116460;South;10292.25;5
Cabinet Quaerat;15/06/2024;3;116459.1;East;19989.21;5
Wheat Itaque;08/03/2024;3;116437.5;South;20639.6;15
Cushion Totam;18/01/2024;2;116425.6;East;10761.29;5
Sugar At;09/12/2024;2;116376.9;South;24623.53;0
Mixer Grinder Laboriosam;08/12/2023;4;116376;South;22733.34;15
Biography Cupiditate;26/09/2024;2;116368.2;West;8713.02;20
Microwave Quibusdam;08/08/2025;3;116325.6;West;5982.56;5
Doll Expedita;03/11/2023;5;116318.25;North;20798.76;20
Cabinet Earum;01/09/2025;2;116291.9;North;18591.14;15
Fiction Rem;17/09/2025;5;116016.5;West;26646.97;5
Textbook Ex;26/01/2024;2;115912;North;19267.8;0
Wall Art Neque;02/09/2025;4;115909.2;South;27119.3;0
Chair Labore;29/08/2025;4;115878.8;South;11368.47;20
Laptop Similique;04/11/2023;2;115861.8;West;28242.38;20
Women's Wear Explicabo;03/09/2025;2;115843.2;North;27905.64;5
Sofa Voluptatibus;11/11/2024;3;115824.6;West;23231.6;20
Sugar Tempora;10/02/2024;4;115817.6;East;11661.58;15
Refrigerator Dolore;07/03/2025;4;115812.6;North;17064.87;20
Camera Atque;17/04/2025;2;115785;South;23937.05;10
Shoes Earum;11/10/2024;3;115677.6;South;10571.59;20
Doll Quisquam;09/02/2024;4;115664.4;North;7810.86;5
Lamp Ad;18/09/2024;2;115635.9;East;17034.04;15
Comics Architecto;01/06/2024;3;115619.4;North;11736.41;5
Refrigerator Iusto;05/06/2024;2;115576.2;South;15642.85;20
Shampoo Id;04/05/2024;2;115526.9;South;28589.33;0
Comics Tempora;10/12/2023;5;115498;South;15757.42;15
Wheat Debitis;26/03/2024;2;115457.6;South;27371.8;20
Laptop Cumque;30/06/2025;3;115381.8;East;22044;10
Non-Fiction Blanditiis;11/07/2025;4;115369.2;North;15008.08;20
Biography Corporis;18/12/2024;2;115362;West;6163.52;5
Women's Wear Ratione;10/07/2025;3;115357.5;North;13828.58;15
Comics Nulla;22/05/2024;2;115257.8;North;13502.63;0
Board Game Recusandae;28/12/2024;4;115243;West;22369;10
Sofa Explicabo;05/12/2024;5;115153.75;South;8987.42;0
Shoes Hic;29/11/2024;4;115120.8;West;25070.07;20
Mixer Grinder Asperiores;27/11/2023;2;115110.4;West;27950.52;10
Laptop Doloremque;04/06/2025;3;115034.4;West;26411.38;20
Doll Error;23/05/2024;2;115008;West;24997.52;20
Cricket Bat Incidunt;31/08/2024;5;115004;South;9548.04;5
Shoes Neque;29/06/2024;2;114974.4;North;7335.38;5
Cushion Sint;22/08/2024;3;114960;North;11993.39;0
Wheat Nam;03/12/2024;5;114937;North;20930.23;5
Textbook Est;02/03/2025;5;114904;East;18320.77;5
Cabinet Magnam;08/10/2023;2;114872.4;East;8379.83;15
Mixer Grinder Eos;01/12/2024;3;114839.25;South;12451.44;5
Sugar Iusto;19/10/2023;3;114712.2;West;18919.06;5
Clock Perferendis;24/09/2024;2;114684;East;11743.67;5
Vase Nam;27/11/2023;3;114636.6;North;10987.41;20
Cricket Bat In;01/05/2025;5;114546.25;North;17747.46;5
Doll Sit;08/09/2024;2;114537.5;West;10230.26;5
RC Car Voluptate;16/06/2024;5;114471;North;14999.14;5
RC Car Ipsum;15/07/2025;2;114382.4;South;16225.67;10
Textbook Non;07/02/2025;2;114370.9;North;20678.5;15
Accessories Aspernatur;22/01/2024;3;114370.5;West;17660.94;0
Clock Perferendis;04/03/2024;2;114362.9;North;7027.29;20
Tennis Racket Nihil;26/04/2024;3;114360;North;8034.97;15
Cricket Bat Officia;07/06/2024;5;114280.25;East;5890.91;0
Action Figure Praesentium;29/04/2024;2;114251.9;East;27397.73;0
Non-Fiction Tempore;28/11/2023;2;114194;North;17565.4;15
Foundation At;14/04/2025;5;114052.5;South;16829.36;20
Face Cream Molestias;07/01/2024;4;113893.6;North;10569.81;20
Lipstick Repellat;22/08/2024;2;113852.4;East;16952.07;15
Action Figure Nihil;29/06/2025;5;113824;East;27974.76;5
Shoes Quas;06/10/2024;2;113792;North;27823.15;0
Mobile Cupiditate;27/05/2024;2;113768;West;18563.22;20
Wheat Natus;16/03/2024;5;113738.5;East;27267.31;5
Biography Animi;15/08/2024;5;113681.75;South;17312.94;0
Fiction Quisquam;12/04/2024;4;113634;South;11751.62;15
Juicer Dignissimos;15/03/2024;3;113566.8;North;14374.34;20
Juicer Possimus;20/09/2024;2;113510;South;11257.98;0
Headphones Corporis;29/10/2023;2;113414.4;North;17484.96;0
Chair Culpa;11/12/2023;4;113186.8;South;16560.19;0
Microwave Sint;17/08/2024;3;113151.6;North;9104.49;10
Kids Wear Impedit;29/03/2024;3;113121.6;East;12564.93;10
Non-Fiction Ab;19/10/2023;4;113101;South;25839.19;10
Action Figure Dolorum;23/05/2025;2;113050;North;11858.74;10
Camera Debitis;29/03/2024;4;112901.8;East;24805.27;10
Men's Wear Consectetur;13/04/2024;5;112845.75;South;20200.72;15
Spices Quis;17/12/2023;5;112828.5;West;22991.14;15
Textbook Saepe;09/04/2025;5;112822;North;18546.81;10
Accessories Repellendus;08/01/2025;2;112759.3;South;16441.9;20
Sugar Est;24/02/2024;2;112752.5;West;16460.65;10
Oil Magni;20/07/2024;4;112747.4;West;21224.25;10
Perfume Eligendi;08/01/2024;4;112713.6;North;17154.04;10
Shampoo Molestiae;25/02/2024;2;112703.2;South;27945.83;20
Rice Porro;03/12/2023;5;112684;North;25920.55;15
Yoga Mat Voluptate;08/10/2023;2;112651;East;9073.89;20
Puzzle Nesciunt;16/07/2024;4;112597.8;North;13167.15;5
Cushion Similique;22/05/2025;3;112586.4;North;22653.42;0
Wheat Animi;14/05/2025;3;112462.65;North;21743.77;10
Camera Maxime;14/04/2024;5;112459.25;North;17768;10
Clock Ab;05/06/2024;2;112394;East;22487.52;20
Shoes Repellendus;01/02/2025;4;112359.6;North;7794.38;5
Biography Voluptates;31/05/2025;2;112340;North;18601.12;10
Women's Wear Non;20/09/2025;3;112295.7;East;26273.46;5
Tennis Racket Cupiditate;20/06/2025;4;112212;West;22964.29;0
Chair Saepe;23/07/2025;2;112134.4;West;10750.48;0
Spices Officia;19/04/2024;4;112039.2;East;22202.54;5
Cookware Set Ipsam;13/06/2025;2;112005;North;13985.04;10
Mixer Grinder Aut;27/10/2024;3;111979.2;North;22883.07;15
Sofa Voluptatibus;21/05/2025;3;111888;North;14864.2;0
Foundation Hic;27/10/2024;3;111886.35;West;23247.55;10
Perfume Aspernatur;10/12/2023;4;111784;East;12439.05;0
Action Figure Iure;26/10/2023;3;111753.75;West;7213.9;5
Juicer Quod;18/12/2023;2;111742;West;11119.41;20
Foundation Deserunt;20/11/2024;3;111739.95;West;21027.98;10
Microwave Ex;24/07/2024;5;111732.5;South;17413.74;0
Cabinet Officia;10/10/2023;3;111720.6;West;5915.45;10
Mobile Aut;07/05/2025;3;111711;West;26905.4;15
Non-Fiction Iste;19/01/2025;4;111701;East;13191.05;20
Juicer Voluptatum;02/09/2024;3;111644.1;South;9035.62;20
Non-Fiction Explicabo;11/10/2024;3;111613.5;East;18435.46;0
Foundation Eveniet;22/07/2024;3;111600;North;16186.35;15
Juicer Commodi;26/10/2024;2;111584;East;12090.26;15
Face Cream Voluptatibus;18/05/2025;2;111551.4;South;15434.62;10
Comics Eveniet;11/07/2025;2;111412.8;East;22664.98;5
Camera Fugiat;16/11/2023;5;111379.5;East;16793.71;5
Board Game Error;01/09/2025;5;111379.5;North;26522;0
Football Eum;16/05/2025;2;111324.8;West;9680.25;5
Wheat Perspiciatis;13/10/2023;2;111308.4;West;6913.52;10
Camera Culpa;27/03/2025;2;111292.5;North;25461.54;5
Chair Quibusdam;04/03/2025;2;111245;North;25388.64;20
Clock Earum;06/01/2025;5;111222.5;South;9145.67;20
Dumbbells Eaque;30/12/2023;2;111214;North;23393.1;15
Mixer Grinder Explicabo;19/04/2024;5;111195;North;26086.95;0
Comics Iste;19/12/2023;2;111191.9;South;24561.29;20
Tennis Racket Mollitia;30/11/2023;2;111151.8;East;24641.53;10
Lipstick Atque;23/04/2024;3;111048;North;10218.39;15
Bed Consequuntur;11/05/2025;2;111042.3;West;13068.28;15
Lamp Sequi;07/05/2024;2;111032;South;27244.71;20
Accessories Quia;10/04/2025;4;110988.8;South;9902.72;10
Cushion Laudantium;20/04/2025;2;110988;East;14225.73;20
Sofa Suscipit;01/10/2024;5;110984.5;West;24940.13;0
Wall Art Numquam;16/07/2025;3;110972.7;East;22374.09;20
Microwave Soluta;02/02/2024;2;110941;West;6648.65;5
Juicer Laboriosam;17/06/2024;5;110912;South;9667.72;15
Shampoo Quisquam;10/09/2024;2;110880;South;20590.35;10
Tennis Racket Voluptatibus;06/04/2025;4;110812.8;North;21237.05;10
Yoga Mat Ipsam;23/09/2025;5;110790;West;8082.14;10
Camera Error;18/10/2023;4;110680;West;6516.53;10
Accessories Corporis;30/08/2025;3;110673;South;27609.5;0
Men's Wear Quaerat;06/11/2024;5;110644;North;7472.78;20
Board Game Aperiam;16/03/2025;3;110514.45;East;7595.13;0
Chair Cumque;11/02/2025;5;110425.5;East;13001.74;5
Headphones Dolore;05/11/2023;5;110404.25;North;19256.79;10
RC Car Iste;06/01/2025;4;110394.6;South;17770.58;20
Non-Fiction Quidem;05/10/2024;4;110367.4;North;14609.77;20
Laptop Soluta;17/10/2024;4;110268;North;18619.96;5
Juicer Cum;26/12/2023;4;110235.6;South;18062.04;5
Tennis Racket Excepturi;19/01/2024;3;110167.2;South;24032.45;5
Football Sit;05/12/2024;2;110133;West;22334.07;0
Face Cream Quam;10/04/2025;3;110130;South;11996.75;10
Fiction Deserunt;29/08/2024;3;110089.8;West;21419.65;5
Accessories Animi;28/01/2024;2;110075;West;8621.01;20
Football Asperiores;24/10/2024;4;110059.4;East;11416.65;5
Tennis Racket Earum;17/09/2025;3;110049.9;South;21137.29;20
Men's Wear Quae;02/08/2025;4;110040;North;16479.91;15
Shampoo Consectetur;15/09/2024;2;109884.8;South;7093.77;15
Rice Exercitationem;01/07/2024;4;109854;North;11445.83;20
Foundation Ipsa;29/09/2024;3;109682.4;North;23826.49;15
Non-Fiction Quae;13/08/2025;3;109599.6;West;26199.38;10
Sofa Expedita;17/08/2025;5;109580;West;6333.31;15
Sofa Aut;27/10/2023;5;109497;North;12674.21;20
Wall Art Distinctio;20/09/2025;3;109481.7;West;19863.47;0
Mixer Grinder Similique;08/03/2024;3;109471.35;East;26491.54;0
Table Ducimus;06/05/2025;5;109395;South;20036.29;15
Spices Earum;17/12/2023;3;109380;North;5927.28;10
Smartwatch Eum;03/02/2024;3;109263;West;17686.3;0
Bed Rem;25/09/2025;2;109143;South;13551.01;5
Women's Wear Itaque;27/06/2025;3;109078.8;North;12850.03;10
Cookware Set Neque;27/09/2025;2;109074.6;West;18050.54;0
Football Porro;27/11/2023;3;109029.6;North;24555.19;15
Women's Wear Iste;20/03/2025;2;108990;West;22383.22;20
Yoga Mat Sint;18/12/2023;4;108927;North;6013.46;5
Oil Fugiat;21/04/2024;4;108919.4;North;14287.4;10
Comics Ea;03/06/2024;5;108896;South;11664.45;5
Bed Accusamus;08/10/2024;5;108893.5;West;23866.22;5
Lamp Neque;16/01/2025;3;108756;North;26186.69;5
Laptop Quas;04/11/2024;3;108661.95;East;26444.92;15
Lipstick Recusandae;12/11/2023;5;108648;South;18929.37;0
Foundation Occaecati;16/10/2024;2;108611.3;South;20674.53;5
Mixer Grinder Quisquam;23/09/2024;2;108560;South;21692.52;15
Headphones Et;25/01/2024;4;108496;East;23987.82;0
RC Car Unde;20/01/2025;3;108364.5;North;26182.01;0
Vase Reiciendis;25/12/2023;2;108362.7;East;11472.15;0
Sugar Magni;03/09/2025;5;108345;South;17017.25;15
Refrigerator Ipsa;08/02/2024;5;108240;South;24320.48;20
Headphones Explicabo;15/11/2023;4;108164.2;North;26474.26;0
Comics Asperiores;04/05/2024;3;108086.4;South;23167.57;5
Foundation Incidunt;14/11/2023;5;108072;West;21673.56;10
Comics Ad;18/09/2025;2;108018.8;South;15879.48;0
Tennis Racket Dignissimos;21/11/2023;2;108002;East;16629.38;15
Headphones Impedit;17/10/2024;3;107973;South;19915.73;10
Rice Doloribus;06/06/2025;2;107718;East;18421.31;15
Doll Omnis;11/05/2024;5;107706.25;South;20529.19;20
Lamp Minima;28/01/2025;2;107553.6;East;16000.44;15
Spices Exercitationem;08/02/2025;2;107504;North;25624.1;20
Non-Fiction Est;27/04/2025;3;107486.4;East;15398.12;5
RC Car Amet;27/08/2025;2;107336;West;22034.77;20
Juicer Doloremque;10/03/2024;4;107308.2;East;6756.09;10
Cabinet Iusto;01/06/2025;4;107168;North;8763.99;15
Non-Fiction Voluptas;21/07/2025;2;107159.4;East;22779.76;20
Yoga Mat Aliquid;21/08/2025;5;107093.5;North;24660.13;10
Dumbbells Voluptatem;07/04/2024;2;106979.4;North;24846.59;0
Non-Fiction Possimus;20/02/2024;3;106971.9;North;18381.07;5
Yoga Mat Odit;16/03/2025;4;106966.4;North;14285.36;5
Sugar Quis;17/01/2024;2;106764.8;East;25571.79;20
Cushion Et;26/11/2023;3;106686.9;West;5726.62;10
Oil Pariatur;08/10/2024;4;106633.6;North;10159.25;5
Camera Corporis;06/09/2024;2;106603.3;North;21569.66;15
Cricket Bat Cum;20/10/2023;4;106369;East;16821.06;15
Cookware Set Laudantium;03/12/2024;3;106313.55;West;22450.43;5
Cabinet Ab;30/11/2023;3;106306.95;North;9053.89;0
Perfume Iusto;29/09/2025;4;106240;West;5473.67;5
Cookware Set Recusandae;19/08/2024;5;106165;North;19708.64;20
Smartwatch Iste;14/12/2023;5;106037.5;East;10712.41;0
Smartwatch Dolor;31/07/2025;3;105939.9;East;13368.94;15
Refrigerator Minima;10/11/2024;2;105801.5;North;24399.43;15
Smartwatch Tempore;13/06/2024;4;105723;North;22061.05;10
Sugar Quidem;22/09/2024;2;105605.8;West;8497.31;10
Headphones Enim;27/07/2025;4;105576.8;East;13192.73;15
Lipstick Facere;21/07/2025;4;105429.6;West;8293.39;20
Women's Wear Culpa;20/02/2025;5;105320;South;15690.81;5
Lipstick At;14/09/2024;5;105305;East;26266.08;15
Chair Neque;08/06/2025;3;105264.75;West;10175.96;10
Football Dolores;14/08/2024;5;105198.25;North;7812.18;5
Foundation Libero;18/09/2024;2;105139.8;West;7280.73;15
Foundation Sed;27/02/2024;2;105138;West;6082.19;0
Chair Harum;15/04/2024;5;105136.5;South;5406.01;15
Laptop Adipisci;03/09/2024;5;105066;West;9433.13;10
Table Voluptates;13/07/2024;4;105002.2;South;15147.86;5
Juicer Ad;11/02/2025;4;104994;North;21539.17;20
Women's Wear Totam;16/01/2025;2;104896.8;East;17061.36;5
Accessories Velit;03/08/2024;2;104787.2;East;15070.65;0
Women's Wear Fugiat;09/03/2024;2;104764.2;North;7899.96;0
Lipstick Voluptatibus;29/09/2025;3;104652;East;6766.08;5
Cookware Set Ea;07/06/2025;3;104616;West;23985.99;5
Laptop Ipsum;13/04/2025;5;104580;East;7467.72;15
Textbook Voluptas;20/10/2023;3;104555.1;North;8656.02;20
Tennis Racket Doloremque;28/07/2025;5;104535;South;22068.31;10
Wall Art Porro;16/03/2024;5;104512;South;19138.84;0
Perfume Quas;23/09/2025;3;104508;East;10965.21;20
Smartwatch Assumenda;23/01/2024;5;104504.75;South;16062.8;5
Camera Eum;25/08/2024;2;104500;South;21594.84;15
Yoga Mat Natus;18/02/2025;5;104490;South;20917.21;10
Face Cream Excepturi;05/01/2025;4;104400;South;18021.09;15
RC Car Dolorum;10/04/2025;3;104356.2;West;22904.12;20
Puzzle Qui;07/08/2025;2;104294.4;South;9182.8;10
Wheat Corporis;30/09/2025;3;104215.95;North;9789.8;5
Women's Wear Dolorem;26/11/2023;2;104158;North;18154.93;0
Mixer Grinder Iusto;22/11/2024;4;104063.8;South;9169.02;0
Vase Nihil;21/07/2024;5;103954.5;South;13413.09;15
Smartwatch Veniam;29/03/2024;2;103944;East;15594.83;5
Cabinet Cupiditate;09/08/2025;5;103938;West;20418.54;5
Shampoo Quae;23/08/2025;2;103899.2;West;8768.46;10
Cushion Praesentium;03/09/2025;5;103770;North;18282.64;10
RC Car Incidunt;05/01/2025;4;103759.2;West;25441.67;15
Non-Fiction Velit;07/02/2025;2;103724;West;23260.05;10
Shampoo Quos;06/01/2025;5;103678.25;North;15197.19;10
Mixer Grinder Dolorem;29/08/2025;2;103652.6;North;21673.16;10
Mixer Grinder Quidem;26/01/2024;4;103557.6;West;6892.79;15
Clock Beatae;29/05/2025;4;103542.4;South;12563.32;5
Cookware Set Eveniet;03/01/2024;3;103523.4;West;12449.98;15
Shampoo Molestiae;28/08/2025;2;103464;North;11392.29;0
Yoga Mat Aliquam;04/06/2025;4;103440;East;16828.94;20
Cookware Set Ab;13/04/2025;2;103406.4;North;7841.37;10
Board Game Accusamus;22/05/2025;2;103392;North;24391.89;5
Camera Ea;12/03/2025;5;103364;North;12412.99;0
Microwave Illum;01/09/2024;4;103353.6;East;17798.92;0
Kids Wear Eos;18/11/2023;2;102839.8;North;18089.76;5
Camera Voluptas;16/07/2024;2;102792.6;North;9117.52;15
Cabinet Quos;11/01/2025;3;102770.4;North;16063.07;20
Vase Doloremque;26/01/2024;2;102676;South;5758.22;20
Textbook Itaque;05/10/2024;2;102623.9;North;11001.93;10
Textbook Cum;26/02/2024;5;102535.5;West;17979.2;10
Textbook Beatae;10/12/2023;5;102420;East;23303.66;5
Doll Adipisci;24/03/2024;3;102394.8;South;10207.76;20
Wheat Perspiciatis;01/01/2025;4;102272.4;West;6215.97;10
Oil Deserunt;28/01/2025;4;102217.6;North;12232.26;0
Mixer Grinder Neque;13/04/2025;2;102193.8;East;16800.89;0
Oil Repellendus;03/10/2025;3;102049.2;West;9696.14;5
Comics Laudantium;09/08/2025;4;102004;South;22075.73;15
Camera Commodi;26/03/2024;2;101970;East;13412.43;5
Dumbbells Maxime;18/10/2024;2;101964.8;North;18543.85;15
Fiction Consequatur;13/10/2023;5;101957.5;North;5116.45;20
Board Game Minima;07/01/2025;3;101663.1;South;10123.36;20
Vase Iure;05/03/2024;5;101654.75;East;18872.76;5
Juicer Facilis;15/12/2024;4;101568.2;North;24764.08;0
Refrigerator Recusandae;25/02/2024;2;101564;West;12437.2;15
Perfume Sequi;01/12/2023;3;101563.2;East;23837.43;10
Women's Wear Voluptatibus;04/08/2025;2;101510.4;North;16629.78;20
Cushion Nemo;16/10/2023;3;101339.1;East;22912.15;20
Table Voluptatum;18/10/2024;5;101235;North;25010.39;5
Lamp Consequatur;13/02/2024;2;101161.7;South;8121.41;15
Camera Quod;07/01/2025;2;101031;East;15448.92;15
Foundation Odit;21/01/2025;4;101012;West;6703.33;15
Textbook Laboriosam;27/05/2024;2;100928;South;23331.27;5
Shampoo Eaque;24/03/2024;2;100827.2;South;16163.17;10
Smartwatch Ipsam;17/12/2023;2;100755.6;South;20731.39;20
Accessories Veritatis;19/06/2024;3;100716;West;16412.52;0
Cushion Deserunt;22/03/2024;5;100686.75;South;16585.86;0
Men's Wear Ex;31/03/2024;5;100572;North;22121.16;0
Tennis Racket Ratione;07/09/2025;3;100569.6;North;16720.52;5
Biography Laboriosam;02/12/2023;3;100515;South;12501.44;15
RC Car Nihil;20/03/2024;3;100473;East;21095.98;15
Cookware Set Necessitatibus;23/01/2025;3;100445.4;West;11651.15;5
Comics Suscipit;31/01/2024;2;100322;North;20051.09;0
Rice Id;24/02/2024;5;100314;North;9395.84;15
Biography Veniam;09/06/2024;2;100312;West;8300.6;15
Non-Fiction Doloribus;13/01/2024;2;100274.4;East;8709.55;5
Microwave Cum;15/02/2025;3;100272;East;6310.1;5
Microwave Itaque;23/09/2024;3;100082.4;North;6031.48;15
Shoes Incidunt;09/08/2024;3;100057.8;North;18468.25;5
Cushion At;03/07/2024;4;100054.4;North;17424.82;5
Men's Wear Sint;19/11/2023;2;100021.2;West;16186.19;20
Rice Culpa;03/12/2023;5;99990;North;9341.53;20
Mobile Sequi;17/02/2024;4;99975.6;East;20888.92;10
Dumbbells Voluptate;15/05/2025;4;99913.6;East;13410.54;20
Rice Laboriosam;19/03/2025;3;99910.8;East;13975.43;10
Mobile Adipisci;12/11/2024;5;99849.5;East;11088.18;10
Face Cream Maiores;18/02/2024;4;99541;West;9126.36;0
Accessories Ratione;24/03/2025;3;99513.6;East;18526.87;0
Action Figure Cupiditate;13/07/2024;2;99482.3;East;8464.18;20
Women's Wear Optio;15/09/2025;5;99368;East;5209.63;0
Mixer Grinder Culpa;31/10/2023;4;99366.2;West;21894.52;5
Yoga Mat Cupiditate;30/03/2024;5;99360.5;South;10638.88;5
Dumbbells Atque;18/11/2024;2;99334;East;18321;0
Fiction Dolorem;08/03/2025;4;99263;East;7993.99;0
Board Game Sint;20/11/2024;3;99133.8;South;11933.13;15
Rice Corporis;03/07/2024;5;99080.25;West;24755.56;5
Puzzle Excepturi;10/03/2024;2;99014.7;South;8488.74;15
Lamp Dolorum;01/02/2025;4;98953.6;South;23609.13;10
Sugar Voluptas;23/08/2025;4;98892;East;12758.88;5
RC Car Corrupti;11/12/2023;3;98862;North;7368.39;15
Juicer At;07/03/2024;2;98791.2;East;13148.08;15
Board Game Quidem;08/08/2024;2;98708;South;19972.09;20
Biography Consectetur;08/06/2024;4;98649.6;West;15472.82;10
Men's Wear Eligendi;01/05/2024;2;98570.1;West;11672.12;0
Football Officia;18/09/2025;2;98560;North;24062.95;20
Board Game Quam;30/08/2024;2;98448;West;18681.26;10
Spices Quidem;27/09/2025;2;98286;North;9884.97;5
Lipstick Unde;06/01/2025;4;98280;North;7433.84;15
Bed Maxime;15/07/2024;4;98224;North;17744.22;0
Men's Wear Soluta;15/07/2025;2;98150;North;13045.79;0
Mobile Quo;21/11/2023;4;98144.4;South;12724.88;15
Action Figure Sunt;08/04/2025;4;98009.6;West;15014.9;15
Refrigerator Velit;24/01/2024;2;98005;West;8250.4;15
Cookware Set Praesentium;08/12/2023;4;97913.2;North;19892.34;10
Shampoo Illo;22/07/2024;4;97909.8;South;16843.38;15
Vase Beatae;17/12/2023;2;97754.4;West;4988.07;5
Comics Dignissimos;18/07/2024;4;97739.8;East;21482.39;20
Mobile Occaecati;17/02/2024;4;97728.4;South;20944.67;15
Puzzle Ullam;14/08/2025;3;97658.4;East;19900.83;20
Action Figure Accusantium;16/08/2025;5;97600.5;East;7876.06;5
Biography Iusto;19/08/2025;2;97598.4;South;20702.55;20
Microwave Id;03/07/2024;5;97529;North;9134.17;5
Non-Fiction Soluta;25/08/2024;4;97488;South;15095.78;0
Comics Laborum;11/12/2024;4;97430.4;West;5988.62;15
Face Cream Architecto;29/07/2024;2;97382;North;18865.39;5
Cabinet Natus;11/09/2024;3;97338.9;North;22647.53;0
Vase In;08/03/2024;2;97323.7;South;20200.91;20
Clock Facilis;06/10/2024;3;97152.45;South;6364.08;20
Sofa Sed;20/07/2025;3;97131;West;11165.69;10
Lamp Cum;31/12/2023;4;97110.8;East;14603.15;5
Chair Assumenda;05/01/2025;4;96892.8;South;14303.18;20
Microwave Quo;23/11/2023;2;96867.7;East;11870.26;5
Yoga Mat Provident;05/02/2024;5;96844;West;20978.59;5
Biography Odio;19/12/2024;4;96696;South;6498.8;10
Smartwatch Rerum;28/12/2023;3;96681.6;West;9239.84;15
Cricket Bat Eos;12/01/2024;5;96660;West;13965.81;10
Yoga Mat Vero;29/10/2024;3;96600.6;West;13506.63;20
Textbook Ut;17/06/2024;2;96575.1;West;6508.16;0
Football Pariatur;16/01/2025;2;96524;East;20917.19;20
Doll Ab;18/05/2025;3;96476.4;South;16942.74;20
Juicer Enim;31/05/2025;3;96417;North;5780.97;20
Board Game Eveniet;11/05/2024;4;96384;East;6183.22;10
Accessories Laudantium;02/05/2024;2;96363;South;8393.35;0
Wheat Molestiae;02/07/2024;5;96331.5;East;12981.09;0
RC Car Ipsum;05/02/2025;3;96330;East;11891.6;20
Vase Adipisci;18/02/2024;3;96287.4;South;22651.78;10
Headphones Itaque;21/06/2025;5;96224;West;20551.56;10
Mixer Grinder Rem;03/08/2025;2;96224;East;14747.44;20
Perfume Quasi;17/04/2025;2;96211.8;South;22143.06;0
Accessories Iusto;27/02/2025;2;96194.5;West;11679.89;0
Accessories Error;20/01/2025;2;96155.2;West;18347.64;0
Microwave Incidunt;15/06/2025;4;96135;East;5210.63;10
Wheat Possimus;03/09/2025;3;96084.9;North;9067.78;15
Microwave Nihil;14/07/2024;2;95987.2;West;23975.87;15
Chair Minima;27/05/2025;5;95872.5;North;9530.97;0
Wheat Sit;26/01/2024;4;95801.8;West;11204.61;10
Sugar Vero;26/03/2024;3;95728.65;West;13023.19;15
Football Dolor;27/11/2023;5;95697;South;18209.59;0
Foundation Quisquam;02/01/2024;4;95664;North;15179.03;15
Biography Nobis;23/06/2024;3;95604.6;South;19263.79;0
Accessories Nesciunt;06/06/2024;5;95564;West;7876.43;10
Sugar Ullam;17/11/2024;2;95524;North;17963.71;10
Men's Wear Similique;03/09/2024;4;95488;North;18486.04;0
Perfume Natus;18/09/2025;4;95448.2;South;6677.14;20
Comics Iste;18/12/2024;2;95444.8;North;12913.43;10
Tennis Racket Repellendus;08/05/2025;2;95412.5;South;8222.59;0
Men's Wear Eum;23/05/2024;3;95293.8;East;12177.03;15
Cricket Bat Iusto;28/04/2025;5;95157;West;20223.31;10
Microwave Odit;18/09/2025;4;95076;East;8450.23;5
Chair Tempore;30/01/2024;2;95052;West;18928.62;20
Action Figure Occaecati;12/06/2025;4;95030;South;9115.43;20
Cookware Set Fugit;11/10/2023;2;95004;South;11676.27;5
Cushion Et;25/10/2023;2;94970;West;12609.38;10
Board Game Modi;13/02/2025;4;94965.8;East;19774.72;20
Juicer Quos;07/08/2025;3;94951.8;West;6872.7;0
Sofa Ut;18/06/2025;2;94940.8;East;21060.43;10
Puzzle Molestiae;14/01/2024;2;94932;North;23326.19;10
Biography Occaecati;19/11/2023;5;94900.5;West;11152.81;0
Men's Wear Cum;23/04/2025;2;94884.8;West;7023.48;20
RC Car Tempora;28/09/2025;2;94797.1;East;14126.94;20
Yoga Mat Voluptate;12/08/2025;3;94771.05;East;5250.37;5
Doll Tempore;06/03/2025;2;94756.8;South;9991.66;20
Refrigerator Unde;18/03/2024;2;94683.2;North;11283.19;0
Non-Fiction Earum;22/10/2023;2;94665.6;West;17648.65;15
Action Figure Dicta;12/02/2024;2;94601.6;South;8634.7;10
Men's Wear Facere;29/12/2023;4;94559.2;East;8199.84;20
Action Figure Inventore;01/03/2025;4;94528.8;West;18224.39;10
Doll Ea;04/08/2024;3;94480.8;North;15133.19;10
Clock Recusandae;25/12/2023;2;94440.1;South;17734.41;0
Smartwatch Vitae;25/06/2024;5;94388;West;22123.47;0
Board Game Tenetur;25/10/2023;3;94184.25;South;12134.74;0
Cookware Set Ducimus;07/06/2024;4;94159.6;West;7836.83;10
Mixer Grinder Officiis;21/09/2025;5;94140;South;13631.33;10
Board Game Laborum;30/10/2023;3;94092;West;9745.07;10
Laptop Perspiciatis;04/03/2024;3;93979.2;North;17449.47;15
Sofa Quam;30/05/2024;2;93898.8;South;5784.3;5
Football Animi;11/01/2025;2;93711.8;East;16471.19;0
Fiction Omnis;23/03/2025;2;93680;South;22092.64;0
Wheat Veniam;30/12/2023;4;93597.8;West;11213.7;5
Tennis Racket Consequuntur;13/02/2025;2;93594;East;9322.99;15
Puzzle Soluta;10/08/2024;2;93586.7;East;20925.31;10
Foundation Magnam;17/02/2025;4;93500;East;13146.4;15
Oil Exercitationem;06/12/2024;4;93478.4;West;10820.44;10
Refrigerator Voluptatibus;02/03/2024;4;93316.6;North;20909.57;0
Lamp Vitae;23/08/2025;3;93286.65;North;12989.25;0
Foundation Dolorum;16/03/2025;2;93244;South;5623.38;0
Puzzle Rem;01/08/2025;2;93230.4;East;15716.97;10
Accessories Nihil;30/11/2024;2;93126.6;North;9278.05;10
Laptop Consequatur;23/01/2024;3;92911.8;East;20965;5
Cookware Set Quaerat;07/05/2025;5;92796;North;10050.59;10
Dumbbells Iusto;27/11/2024;3;92784;East;18735.52;5
Accessories Consequatur;31/10/2023;3;92745;East;17453.31;5
Foundation Sequi;01/02/2024;2;92682;East;7015.32;20
Accessories Exercitationem;05/06/2024;5;92658.25;East;22298.81;20
Comics Ea;26/05/2024;5;92633;East;4841.67;15
Sofa Provident;07/02/2025;2;92607.5;West;9284.56;15
Cookware Set Quo;29/12/2023;3;92579.4;North;14375.96;15
Action Figure Deserunt;05/10/2023;3;92557.35;South;8958.85;0
Bed Inventore;18/06/2024;5;92475;East;18052.96;20
Mixer Grinder Nobis;29/01/2025;4;92454;East;11781.54;5
Lamp Doloremque;29/01/2024;4;92432;North;6688.35;10
Sofa Voluptas;02/01/2025;4;92333.8;South;8406.91;20
Laptop Repudiandae;14/02/2025;4;92329.2;West;11027.3;5
Men's Wear At;07/06/2025;2;92311.5;North;9970.12;20
Shampoo Provident;14/09/2024;2;92262.1;South;6636.68;10
Cushion Velit;08/02/2025;5;92229.25;West;5253.64;15
Oil Iusto;05/09/2025;5;92101.5;South;5298.98;0
Oil Quis;13/04/2024;3;91956;East;15507.65;10
Spices Consectetur;20/08/2024;5;91945;East;10926.62;20
Dumbbells Ipsa;26/12/2023;5;91941;East;9831.89;20
Vase A;05/08/2024;3;91874.4;South;9971.38;15
Sofa Doloremque;10/01/2025;3;91835.55;South;19859.42;0
Cricket Bat Eligendi;26/08/2025;3;91776;East;19045.63;10
Bed Magnam;07/04/2025;2;91744;North;5678.96;15
Lamp Dolorum;01/12/2023;2;91439.6;North;21533.1;5
Tennis Racket Dolorem;08/10/2024;3;91368.15;West;4891.35;20
Juicer Fugit;25/05/2024;5;91324;North;9776.22;10
Football Magni;01/01/2025;5;91318.5;South;8856.08;0
Face Cream Corrupti;19/02/2024;3;91206;West;17898.65;0
Shoes Maiores;19/08/2024;4;91154.4;East;13546.98;5
Headphones Corporis;03/08/2025;5;91133.5;East;9314.46;20
Cricket Bat Ex;06/11/2024;4;91043.2;South;17254.47;10
Chair Dolores;28/10/2023;4;91027.2;South;20804.21;0
Oil Officia;23/12/2024;4;91004;East;17998.87;5
Table Illum;15/11/2024;2;90984;West;18718.13;0
Sofa Ducimus;04/09/2024;2;90961.2;South;11817.29;5
Chair Sequi;07/12/2023;2;90924;West;9872.31;10
Cabinet Corrupti;31/07/2025;2;90768.7;North;19292.27;10
Foundation Laudantium;10/09/2024;4;90766.8;South;19057.28;15
Men's Wear Dolores;20/09/2024;4;90582.4;North;15251.17;10
Comics Dolor;05/01/2024;4;90582.4;South;18514.42;0
Mixer Grinder A;30/07/2024;2;90529.2;West;18550.78;15
Headphones Inventore;25/06/2025;3;90477.6;East;6098.02;20
Doll Tempore;09/07/2024;5;90315;East;5812.04;15
Textbook Cumque;27/06/2025;4;90246.2;North;10920.14;5
Perfume Quod;10/11/2023;5;90197.75;West;18901.2;20
Cushion Repellendus;11/12/2024;3;90024;North;20715.05;10
Mixer Grinder Consequuntur;02/01/2025;3;90020.7;South;11939.1;5
Face Cream Id;23/12/2023;5;90019.25;West;4561.6;5
Women's Wear Cupiditate;24/12/2024;4;90009.6;East;7856.96;20
Headphones Animi;15/09/2025;3;89915.55;North;10235.32;20
Juicer Veritatis;06/11/2024;4;89892.8;East;11149.28;5
Wall Art Similique;28/08/2025;2;89860.8;West;17852.06;0
Headphones Est;31/12/2023;5;89855;West;19466.13;5
Yoga Mat Aspernatur;22/07/2024;2;89808;East;11164.25;20
Fiction Ipsam;01/07/2024;4;89766.8;South;11167.83;15
Spices Sapiente;29/04/2025;2;89628;South;21512.84;0
Clock Quisquam;09/08/2024;2;89578.8;West;15571.54;15
Wheat Consequuntur;11/07/2025;2;89576.4;North;14284.54;5
Spices Perferendis;29/11/2024;2;89572;North;10310.84;20
Perfume Ratione;16/08/2024;5;89544;North;22058.67;15
Non-Fiction Tenetur;24/02/2025;2;89520;South;11391.53;15
Spices Totam;02/05/2025;3;89459.1;North;19424.54;20
Oil In;03/08/2024;4;89446.4;South;11672.93;20
Football Maiores;26/02/2024;5;89409.25;South;7859.92;15
Dumbbells Aperiam;19/12/2024;4;89338.4;East;4923.11;20
Lipstick Ab;21/11/2023;4;89174.4;East;7677.01;0
Action Figure Exercitationem;03/05/2025;2;89147.2;West;8304.75;20
Tennis Racket Quibusdam;05/07/2024;4;89128.8;East;17633.75;15
Spices Incidunt;16/03/2024;5;89119.5;East;6850.32;0
Textbook Deleniti;30/03/2024;4;89049.6;South;21095.87;0
Oil Non;21/05/2024;5;88978;East;7337.99;5
Face Cream Sint;11/11/2023;5;88933.5;West;9232.05;10
Football Dolore;16/02/2024;2;88928;South;6803.49;20
Fiction Dolorem;09/04/2025;2;88794.6;West;9359.11;15
Non-Fiction Architecto;26/02/2024;3;88788.45;West;13087.72;0
Football Laboriosam;15/01/2025;3;88747.65;East;6059.19;20
Perfume Officia;21/07/2024;5;88730;West;13745.92;10
Biography Adipisci;11/05/2025;2;88666.9;East;5256.74;5
Cookware Set Quod;19/01/2025;4;88662.4;South;7142.62;5
Yoga Mat Consequuntur;09/06/2024;4;88540.8;West;16698.92;10
Foundation Nobis;26/05/2025;5;88530.5;East;6937.95;20
Lamp Possimus;12/04/2025;2;88529.4;East;14351.56;10
Face Cream Id;19/07/2025;5;88485;South;8725.17;10
Biography Minima;24/11/2023;2;88359.2;North;19557.77;15
Football Eveniet;30/04/2025;5;88325;North;17529.47;15
Textbook Odio;23/06/2024;4;88261.2;North;20015.42;5
Microwave Neque;03/06/2024;2;88210.8;West;18676.64;5
Lamp Praesentium;08/12/2024;2;88115.4;North;11763.57;20
Headphones Error;14/09/2025;4;88092.8;North;12881.23;10
Shampoo Fugit;21/03/2025;2;88081.2;North;6582.94;15
Textbook Voluptates;07/12/2024;4;87735.6;South;19597.07;0
Lipstick Voluptate;01/09/2025;3;87711.6;West;16777.27;20
Men's Wear Quidem;02/04/2024;2;87667.3;South;21791.96;20
Men's Wear Ullam;14/04/2025;3;87640.35;South;10467.13;10
Board Game Ab;21/03/2025;5;87580;North;5739.45;20
Microwave Consectetur;18/10/2023;2;87513.6;North;18437.08;20
Kids Wear Odit;11/05/2024;3;87490.8;East;13642.6;0
Clock Aut;06/11/2024;2;87478;East;18772.76;5
Headphones Non;24/02/2025;4;87472.2;East;9805.34;0
Vase A;13/04/2025;2;87459.2;South;6642.63;5
Football Architecto;14/05/2025;4;87415.2;North;6313.56;15
Comics Doloremque;19/05/2025;3;87340.05;North;19961.06;5
Women's Wear Voluptate;07/08/2025;2;87327;South;11099.97;5
Sofa Dolorum;20/06/2024;2;87190.2;East;19167.89;20
Board Game Ipsa;03/05/2024;4;87123.2;South;7321.18;10
Microwave Mollitia;08/12/2024;5;87085;South;15779.3;5
Refrigerator Quasi;02/04/2025;3;87038.4;North;21271.05;15
Board Game Perspiciatis;19/08/2025;3;87036;West;17674.84;15
Vase Quisquam;05/11/2023;2;87015.6;East;8010.29;5
Accessories Consectetur;06/07/2025;2;86997.6;South;20432.33;10
Clock Debitis;21/10/2023;3;86985.6;East;20603.82;10
Yoga Mat Nulla;08/10/2023;4;86980;West;4960.37;0
Vase Itaque;22/08/2025;2;86968.6;West;16151.54;15
Board Game Quisquam;03/06/2024;4;86948.2;South;9576.93;0
Shoes Consequatur;16/11/2023;5;86936;North;13752.97;15
Refrigerator Quae;24/10/2023;2;86930.7;South;4380.43;5
Biography Illum;17/03/2025;2;86927.8;East;14222.35;10
Refrigerator In;11/02/2024;5;86912;West;15928.27;20
Table Eveniet;07/10/2024;4;86835.2;East;18547.36;20
Kids Wear Illo;27/10/2023;2;86751;South;8604.25;10
Non-Fiction Accusantium;15/02/2025;3;86620.8;North;5149.08;10
Wall Art Asperiores;19/04/2025;3;86535;South;20339.17;10
Sugar Officia;22/03/2025;2;86508;South;8647.31;10
Accessories Libero;11/09/2024;2;86496;South;11193.8;20
Women's Wear Vitae;06/04/2025;2;86492.6;East;13014.54;10
Lamp Impedit;28/01/2024;2;86488;East;10828.96;15
Cookware Set Quidem;13/06/2024;3;86477.55;South;14191.99;15
Vase Tempore;19/06/2025;5;86415.25;West;9457.65;5
Men's Wear Ea;16/01/2025;2;86414.4;North;15869.6;0
Face Cream Labore;05/08/2024;3;86405.4;East;12311.35;10
Refrigerator Molestias;08/03/2025;2;86385.6;North;6971.98;15
Lamp Ipsam;31/03/2025;2;86341.7;West;16245.16;10
Camera Sit;29/09/2025;5;86302.75;South;16364.98;10
Fiction Voluptatibus;03/11/2024;3;86230.8;South;6887.12;15
Refrigerator Fuga;20/08/2024;5;86202;East;6240.3;15
Comics Ullam;12/05/2025;4;86140;East;14750.84;5
Spices Nobis;06/04/2025;4;86073.6;East;21351.96;5
Foundation Tempora;11/10/2024;4;85952;East;13599.09;0
Fiction Commodi;29/12/2024;3;85881;East;7488.56;10
Puzzle Quos;18/12/2024;5;85816;East;10079.37;0
RC Car Et;27/08/2024;4;85812.6;East;9112.69;0
Textbook Alias;26/04/2024;4;85666.4;East;4933.32;10
Bed Sint;18/01/2025;2;85618.8;North;10020.43;5
Headphones A;09/06/2024;4;85584.8;North;19249.24;20
Biography Dignissimos;23/11/2024;3;85471.2;North;19381.14;15
Fiction Officiis;23/10/2024;2;85460.4;South;8476.63;15
Table Deserunt;18/10/2023;2;85438.6;North;10418.46;15
Camera Minus;13/02/2025;2;85384;West;15861.81;10
Men's Wear Sapiente;27/02/2024;3;85286.4;West;20838.06;20
Men's Wear Quis;12/01/2024;2;85219.2;North;6844.83;20
Board Game Ab;13/11/2024;5;85212;North;9790.15;10
Shoes Iusto;04/03/2025;2;85198.4;East;11263.07;5
Smartwatch Asperiores;11/07/2024;2;85120.7;East;7878.38;20
Wall Art Voluptate;21/01/2025;4;85068;East;14812.07;10
Sofa Vel;03/03/2024;4;85060;North;4989.48;10
Foundation Facere;11/07/2025;4;85024;North;19730.83;10
Comics Molestiae;02/06/2024;2;85020.4;East;4700.81;10
Mixer Grinder Voluptate;21/08/2025;2;84987.2;West;12207.4;10
Bed Magnam;25/03/2024;4;84736;East;17468.09;10
Bed Iure;07/06/2024;2;84732;West;5238.39;20
Textbook Reiciendis;17/08/2025;2;84677.4;East;10268.75;0
Lipstick Illo;02/09/2024;2;84677.3;East;19553.67;5
Spices Accusantium;26/06/2024;4;84675.2;West;13612.85;10
Mobile Suscipit;06/09/2024;4;84601.6;North;8386.33;10
Mobile Nostrum;06/08/2025;2;84576;East;10974.54;5
Shoes Iste;17/02/2025;2;84515.2;North;18381.42;0
Action Figure Suscipit;08/08/2024;2;84473;South;9125.98;0
Clock Voluptatum;07/03/2025;2;84330;North;17510.31;10
Yoga Mat Rerum;12/06/2024;3;84283.2;South;18661.31;10
Face Cream Laboriosam;17/07/2025;5;84280;South;4856.75;15
Spices Quia;13/04/2024;2;84267.2;South;15553.15;10
Sofa Ad;19/04/2025;2;84166.4;South;15279.28;15
Mixer Grinder Esse;02/06/2025;3;84132.15;North;11182.66;10
Puzzle Asperiores;09/12/2024;2;84082;East;13906.55;5
Dumbbells Ullam;14/03/2025;4;84068;North;11855.58;10
Shampoo Laboriosam;02/04/2024;2;84028;West;18352.19;20
Mobile Alias;17/12/2023;2;83940.1;North;5644.28;20
Biography Quas;28/07/2024;3;83921.4;South;4318.57;10
Doll Sunt;02/09/2024;3;83897.1;East;11218.71;15
Football Nulla;07/01/2024;2;83740;West;14233.88;20
Kids Wear Sint;22/04/2024;3;83685.6;West;12244.9;0
Kids Wear Tempore;31/12/2023;2;83552;West;5410.9;0
Yoga Mat Ea;15/04/2025;3;83497.5;North;11950.92;10
Football Optio;04/08/2025;4;83410;East;14277.24;0
Lamp Ut;06/09/2025;4;83368;East;8546.61;10
Board Game Quod;07/02/2025;3;83324.7;South;19419.55;20
Headphones Deleniti;24/01/2025;4;83299.2;South;16206.55;15
Board Game Necessitatibus;18/02/2024;2;83296.6;North;7668.37;15
Refrigerator Fugit;24/06/2025;2;83269.4;East;7827.1;20
Wheat Voluptatem;25/07/2024;5;83244;East;8272.34;10
Cricket Bat Officiis;12/07/2025;2;83216;South;6068.01;0
Textbook Inventore;12/08/2025;3;83208.6;South;9393.94;5
Perfume Sunt;18/11/2024;2;83096.5;West;9017.79;5
Clock Debitis;28/08/2024;4;83095.2;North;11242.62;20
Fiction Ratione;29/02/2024;5;83082.25;North;8025.43;0
Wall Art Voluptatem;08/07/2025;4;83078.4;North;14421.83;5
Rice Eum;21/11/2024;3;82995.3;South;14335.38;5
Fiction Dicta;18/01/2025;2;82892;North;14454.55;15
Sugar Quia;13/12/2023;3;82883.7;South;12361.51;5
Smartwatch Accusantium;29/09/2024;3;82840.8;North;20691.97;10
Face Cream Fuga;31/05/2025;3;82783.2;West;18137.52;15
Wall Art Ipsum;12/12/2024;2;82684.8;South;10796.75;20
Table Distinctio;01/10/2025;3;82682.1;North;10027.11;0
Clock Fuga;08/01/2024;4;82582.4;North;9531.22;15
Mobile Quo;09/04/2025;5;82570.5;North;15016.28;15
Wall Art Excepturi;07/09/2024;5;82560;West;7916.19;0
Juicer In;15/05/2025;4;82528;West;4856.22;0
Action Figure Quis;03/07/2024;2;82504.4;East;17146.48;20
Women's Wear Laboriosam;30/05/2024;2;82392;West;13145.75;20
Action Figure Enim;14/12/2024;5;82305.5;North;17877.78;0
Comics Et;19/06/2025;3;82188;East;6456.39;10
Table Totam;16/08/2025;2;82105.2;South;17400.77;10
Lipstick Molestias;16/02/2024;2;82060.8;North;7654.7;20
Kids Wear Ducimus;14/12/2023;2;82057.6;South;15125.22;0
Mixer Grinder Illo;02/10/2025;5;81936;West;6887.13;20
Wheat Eum;24/10/2024;2;81872;South;12869.54;0
Bed Sed;23/08/2024;5;81814.5;West;13310.62;20
Accessories Occaecati;21/05/2024;2;81724.8;West;6693.5;10
Vase Enim;21/01/2024;5;81689.25;East;4493.85;0
Face Cream Nihil;16/12/2024;2;81644.4;South;7788.02;5
Board Game Vel;18/06/2024;3;81640.8;South;7899.14;15
Dumbbells Cupiditate;02/10/2024;3;81615.6;West;7327.38;20
Tennis Racket Asperiores;02/04/2024;2;81556;West;19814.83;15
Spices Nostrum;26/04/2024;3;81550.8;South;16619.07;15
Lamp Illo;29/09/2025;4;81539.2;North;4892.61;10
Cushion Maxime;01/03/2024;4;81532.8;West;4698.93;20
Sofa Nobis;08/08/2025;5;81506.5;West;9880.2;0
Sofa Laboriosam;17/09/2025;2;81488;North;17473.05;10
Wall Art Labore;04/09/2024;5;81459.75;West;5976.36;15
Board Game Est;17/07/2024;3;81405.6;South;7799.65;15
Board Game Earum;23/11/2024;5;81404.5;West;8267.53;0
Perfume Fugiat;12/02/2025;5;81362.75;East;5315.45;20
Textbook Soluta;11/11/2023;3;81329.7;West;18780.74;20
Juicer Labore;23/05/2024;3;81321.9;North;9500.16;5
Headphones Neque;09/06/2024;4;81316;South;9937.89;10
Lamp Animi;23/02/2024;4;81241.6;East;13948;0
Dumbbells Veritatis;22/02/2024;3;81237;North;4616.46;15
Mobile Quam;14/05/2024;4;81200;South;12348.54;15
Juicer Delectus;04/11/2023;4;81193.6;North;19540.16;5
Football Fugit;22/01/2024;3;81156.6;North;19110.09;5
Face Cream Illum;01/02/2024;2;81152.8;West;12099.15;10
Board Game Hic;16/10/2023;3;81067.2;South;6241.77;10
Smartwatch Repudiandae;12/08/2025;3;81062.55;South;4975.59;0
Perfume A;13/05/2025;2;80987.4;North;7994.18;0
Cricket Bat Odit;13/03/2025;5;80956;West;10317.19;0
Cricket Bat Quidem;28/01/2024;3;80920.05;South;13853.3;10
Action Figure Adipisci;30/10/2023;4;80886;South;15562.74;15
Lipstick Iure;24/02/2025;4;80868;West;6742.94;15
Mobile Fugiat;12/03/2024;3;80823.15;West;7678.45;10
Refrigerator Necessitatibus;13/08/2024;2;80761.6;West;12751.87;15
Camera At;17/06/2024;2;80742;North;17592.37;15
Board Game Nostrum;22/08/2025;2;80724.5;West;5169.87;5
Face Cream Tenetur;27/03/2025;3;80666.4;North;8648.8;15
Lipstick Eos;03/12/2024;3;80651.7;North;5187.34;0
Cricket Bat Distinctio;03/12/2024;3;80574.9;West;14638.79;10
Comics Eos;24/02/2025;2;80529;North;6489.76;0
Accessories Quos;26/05/2025;3;80296.8;South;9175.47;15
Foundation Odio;20/04/2024;5;80248.5;North;15286.74;0
Yoga Mat Accusamus;03/07/2024;2;80216;South;19471.18;20
Cushion Nesciunt;23/01/2024;2;80194.1;North;5727.93;5
Foundation Veritatis;03/10/2025;5;80057.25;East;13932.28;10
Cabinet Voluptatem;27/09/2024;2;80030.9;South;10678.34;10
Action Figure Libero;01/01/2024;5;80015;South;5568.38;5
Doll Totam;10/02/2025;3;79924.65;North;18762.37;0
Perfume Dolor;19/06/2024;5;79880;North;6881.59;5
Headphones Tempora;22/12/2024;2;79844;West;10269.18;20
Lamp Dolorem;03/09/2024;1;79827;West;13912.03;20
Biography Voluptas;30/10/2024;2;79804.8;West;17157.69;0
Mobile Esse;12/12/2024;1;79714;West;17338.62;20
Women's Wear Inventore;17/08/2024;5;79650;North;8003.55;10
Shoes Magnam;08/12/2023;1;79625;North;4506.9;0
Lipstick Iure;21/03/2024;2;79619.5;South;8370.16;20
Board Game A;30/06/2025;2;79611.9;South;8137.53;20
Sofa Voluptates;20/06/2025;2;79574.4;East;6280.86;20
Men's Wear Consequatur;24/11/2024;2;79549.8;South;19602.32;0
Perfume Exercitationem;30/11/2024;2;79478.9;West;14297.47;5
Comics Quam;15/11/2024;5;79465;East;13889.37;0
Non-Fiction Occaecati;13/05/2024;4;79434;North;9292.82;10
Shampoo Dignissimos;26/04/2024;2;79429.5;West;7617.55;0
Mobile Nesciunt;15/07/2024;2;79316.8;West;18206.41;10
Mixer Grinder Aliquid;31/08/2024;1;79297;West;10225.74;20
Wheat Facere;26/05/2025;1;79212;East;6199.67;0
Juicer Quidem;01/02/2025;5;79204.5;East;13310.82;0
Face Cream Ipsam;29/05/2025;5;79168.5;West;10613.7;0
Mixer Grinder Sequi;05/09/2025;2;79166;North;16368.63;5
Microwave Officiis;31/08/2025;4;79066.8;West;5245.91;15
Biography Tempora;14/10/2023;2;79061.9;West;8747.7;10
Spices Pariatur;03/09/2024;3;78795;West;13932.19;0
Tennis Racket Esse;02/04/2025;3;78759.75;North;15702.86;20
Cushion Necessitatibus;07/12/2023;3;78713.4;North;5221.27;5
Sofa Totam;25/07/2025;4;78674.4;West;15118;20
Camera Provident;27/02/2025;3;78622.95;East;19128.29;0
Mobile Facilis;22/08/2025;4;78457.6;West;10542.24;20
Spices Quidem;10/10/2023;4;78441.6;South;11584.72;15
Textbook Natus;25/03/2025;5;78240;North;4830.86;0
Women's Wear Repellat;19/07/2024;5;78212;East;14268.1;20
Chair Vel;04/01/2025;4;78195.2;South;10981.46;15
Fiction Quibusdam;20/10/2023;2;78099.2;North;5054.2;5
Biography Nulla;31/07/2024;4;78052;North;9132.65;20
RC Car Maiores;28/03/2025;5;78040;South;7582.09;20
Oil Doloremque;23/06/2025;2;77976;West;14177.76;15
Rice Aut;29/07/2024;2;77940;South;11710.67;10
Cricket Bat Corrupti;04/08/2025;1;77933;North;7876.25;10
Mobile Ea;05/12/2023;3;77892;North;7594.54;0
Shampoo Possimus;11/07/2024;2;77869.6;South;13675.04;15
Tennis Racket Cum;04/06/2024;2;77790;West;16916.87;15
Foundation Ullam;24/08/2025;1;77782;East;7989.3;0
Headphones Voluptatem;30/10/2023;3;77684.4;East;9106.58;15
Mobile Dolorem;01/02/2025;2;77608;South;10433.75;0
Lipstick Occaecati;08/12/2023;4;77577;West;9886.42;20
Puzzle Temporibus;05/03/2025;2;77549.4;South;9064.67;0
Men's Wear Culpa;06/04/2025;1;77527;West;7657;15
Table Repudiandae;04/10/2023;3;77522.4;West;10882.22;20
Yoga Mat Perferendis;27/07/2024;2;77499;East;13479.91;15
Comics Dolorum;20/11/2024;1;77473;West;17602.81;10
Board Game Aut;08/12/2024;5;77463;North;9961.65;15
Yoga Mat Praesentium;02/02/2025;2;77248;South;12652.94;5
Action Figure Laboriosam;31/12/2023;2;77233.6;West;13625.93;0
Spices Quisquam;22/08/2024;5;77228;North;18753.54;5
Foundation Esse;05/01/2024;4;77115.6;West;5993.17;0
Table Ex;06/09/2024;2;77064;North;15432.77;5
Table Iste;17/03/2025;2;77011.7;South;11400.28;20
Wheat Recusandae;31/08/2024;4;77004;South;11059.43;20
Cabinet Explicabo;07/12/2023;1;76977;South;9755.28;10
RC Car Ipsum;04/03/2024;2;76948.2;North;11587.92;5
Shoes Harum;20/04/2025;2;76916;East;7268.78;0
Mixer Grinder Occaecati;23/06/2025;3;76858.2;West;13070.4;15
Yoga Mat Voluptate;25/09/2024;5;76783.75;South;14622.8;20
Football Occaecati;25/02/2025;2;76692;West;9755.04;10
Dumbbells Accusamus;16/04/2025;3;76677.3;East;15749.79;0
Dumbbells Omnis;27/05/2025;4;76563.2;West;4002.06;0
Doll Quod;11/11/2023;2;76552;North;12371.69;0
Dumbbells Nostrum;09/10/2024;2;76535.8;South;7558.5;15
Wheat Omnis;15/03/2025;4;76513.6;West;5446.86;5
Headphones Accusantium;26/07/2025;1;76432;East;11013.85;0
Vase Perferendis;06/06/2025;1;76363;West;18403.02;5
Smartwatch Animi;23/01/2024;2;76312.8;South;14690.23;20
Bed Soluta;31/12/2023;3;76296;South;8592.07;20
Wheat Ullam;05/10/2024;2;76244;North;17850.18;5
Yoga Mat Velit;02/03/2024;2;76190.6;North;7521.02;0
Football Exercitationem;28/12/2023;5;76177;West;9593.59;0
Spices Ullam;29/10/2024;4;76156.8;East;9593.12;10
Refrigerator Fuga;25/10/2024;4;76150.4;West;10882.58;15
Mobile Quisquam;31/12/2023;4;76140.6;East;6901.96;15
Dumbbells Ipsa;18/10/2024;3;76108.8;East;7331.52;15
Lipstick Beatae;05/04/2024;1;76065;South;9816;0
Puzzle Hic;29/12/2024;2;76060.8;West;7298.68;0
Oil A;18/11/2023;3;76058.85;West;11021.72;20
Fiction Minus;12/05/2025;2;76038;West;11962.32;20
Doll Soluta;10/02/2024;2;75977.2;North;11786.61;0
Women's Wear Eligendi;17/07/2024;5;75960;North;4291.91;0
Sofa Atque;23/02/2024;1;75959;East;7603.05;20
Table Delectus;16/03/2024;1;75896.45;North;6114.17;20
Spices Quae;29/04/2025;4;75877.8;North;15649.63;0
Textbook Blanditiis;17/07/2024;1;75876;West;8554.23;5
Cookware Set Harum;04/01/2025;4;75844.2;South;12769.71;5
Mixer Grinder Occaecati;18/05/2025;4;75696;East;17454.75;0
Refrigerator Temporibus;11/04/2024;2;75633.6;North;5582.6;5
Lipstick In;15/11/2024;1;75595.3;West;15580.38;5
Wall Art Voluptate;15/09/2024;2;75422;East;3784.17;5
Football Consequatur;19/10/2023;4;75395.8;North;12702.86;5
Chair Adipisci;16/12/2024;4;75373.2;South;10914.77;5
RC Car Voluptate;19/04/2024;4;75354.2;North;17884.38;15
Shoes Architecto;21/02/2024;3;75334.65;North;13641.66;5
Bed Tenetur;01/10/2024;2;75329.3;West;15386.06;0
Textbook Expedita;10/02/2025;5;75321;North;15368.06;5
Rice Quas;07/02/2024;5;75176;West;6251.8;15
Juicer Excepturi;07/05/2024;1;75170.65;West;11863.43;5
Textbook Facere;19/09/2025;3;75081.6;East;13110.95;5
Comics Quisquam;06/01/2025;3;75057.3;South;11023.33;0
Vase Accusamus;12/11/2023;2;75023.4;North;7928.62;0
Lamp Consequuntur;07/08/2025;4;74993.8;North;5611.62;10
Camera Eius;25/07/2024;4;74924;East;17324.15;5
Textbook Maiores;20/01/2024;1;74906;East;4232.98;5
Cabinet Tempore;27/06/2024;1;74856.2;South;15716.11;0
Refrigerator Id;14/11/2023;4;74833.4;South;17454.37;10
Table Cum;02/10/2024;2;74759.3;North;4954.31;5
Juicer Cupiditate;17/03/2025;2;74728.6;East;6562.54;15
Biography Laudantium;04/03/2025;2;74662.3;West;14278.04;0
Rice Doloremque;17/11/2024;5;74632;West;14566.03;20
Lipstick Assumenda;04/06/2025;4;74564;North;14655.51;15
Cabinet Odit;09/10/2024;3;74526.3;North;17899.47;10
Sugar Quis;02/06/2024;4;74499;North;13964.94;20
Wall Art Officiis;24/10/2024;1;74461.95;South;5326.91;20
Lamp Reiciendis;07/10/2023;2;74442;East;10036.39;0
Mobile Error;18/07/2024;2;74401.6;South;6365.68;20
Women's Wear Qui;15/12/2024;1;74399;West;17787.11;0
Chair Quisquam;05/02/2024;3;74393.1;West;14327.42;0
Cookware Set Eligendi;31/08/2025;4;74308;West;9828.04;5
Mixer Grinder Natus;19/05/2025;5;74266.25;North;8306.07;10
Oil Nam;10/07/2025;1;74205.45;South;8076.51;20
Action Figure Asperiores;21/08/2024;5;74125;West;9274.27;5
Puzzle Expedita;22/01/2025;3;74079.9;East;9603.83;0
Laptop Ea;23/09/2024;4;74069.6;West;7416.91;0
Textbook Quae;06/09/2024;2;73944.2;South;14106.37;15
Wall Art Consequatur;06/06/2024;1;73929;North;6817.23;10
Cookware Set Quia;03/04/2025;3;73883.7;West;7866.42;0
Table Nihil;05/01/2024;2;73872;West;13951.29;10
Sugar Voluptatum;17/09/2024;2;73733.3;West;8421.62;0
Men's Wear Assumenda;23/08/2024;4;73688.4;East;13874.29;15
Wall Art Dolores;22/02/2025;5;73660.5;North;14686.84;15
Cookware Set Voluptatem;30/05/2024;3;73598.1;South;6355.73;15
Cushion Veniam;08/09/2024;5;73508;West;17559.15;5
Smartwatch Nostrum;23/05/2024;1;73497;North;9512.04;20
Perfume Qui;28/06/2025;3;73444.5;North;10607.64;15
Dumbbells Accusamus;20/05/2024;5;73380;South;13731.52;5
Refrigerator Rem;23/01/2025;2;73307.2;East;12549.68;20
Smartwatch Illum;29/09/2024;2;73276.2;East;14441.79;20
Cookware Set Nemo;25/01/2025;3;73190.4;East;15284.15;20
Lipstick Debitis;27/09/2024;1;73170.9;North;10033.02;10
Lamp Tempore;25/01/2024;2;73091.5;North;6699.72;0
Perfume Itaque;21/05/2024;3;73078.2;North;16216.55;20
Clock Culpa;31/12/2023;3;73075.5;South;13185.79;15
Sugar Ratione;29/07/2024;1;73062.6;South;9415.25;10
Wall Art Nobis;18/06/2025;1;73009;North;12225.83;5
Oil Officiis;08/02/2024;3;72998.4;East;4884.91;0
Shampoo Nulla;20/09/2024;3;72919.8;East;5573.44;10
Textbook Accusantium;16/08/2025;5;72860;South;16987.2;0
Foundation Alias;06/03/2025;2;72741.3;South;14133.28;15
Shoes Deserunt;23/04/2025;2;72667.4;West;3916.33;0
Spices Reiciendis;31/05/2024;3;72549;West;17203.3;5
Rice Commodi;14/02/2024;2;72531.2;North;4268.01;0
Women's Wear Inventore;18/11/2023;2;72440.4;South;11698.87;5
Yoga Mat Totam;13/04/2024;2;72241.5;South;3997.8;20
Women's Wear Delectus;11/03/2025;1;72180.05;West;12083.51;15
Microwave Perferendis;07/09/2025;3;72156;North;8623.32;10
Sofa Facilis;19/11/2023;2;72086;South;10811.55;10
Puzzle Cupiditate;28/04/2025;2;72041.4;South;14845.37;10
Lipstick Amet;21/10/2023;1;71998.2;West;5443.8;10
Laptop Quo;03/04/2025;3;71979.6;South;13732.53;5
Headphones Illo;14/01/2024;1;71979.3;East;16673.46;5
Dumbbells A;27/03/2025;1;71696.5;West;13877.65;5
Refrigerator Reiciendis;13/08/2025;1;71668.8;North;11329.11;15
Comics Exercitationem;18/12/2023;3;71644.5;East;16298.24;10
Vase Sapiente;25/01/2025;4;71607.6;South;4022.44;20
Spices Officia;11/01/2024;3;71577.75;North;16041.49;20
Chair Nobis;28/09/2024;2;71546.4;West;8448.44;5
Refrigerator Impedit;24/04/2024;1;71520;North;9228.81;5
Cabinet Voluptatibus;29/12/2024;5;71491.5;East;4420.58;15
Doll Cupiditate;28/08/2024;2;71491.3;South;9282.83;5
Football Sequi;27/06/2025;1;71441.1;North;6861.7;10
Shampoo Odio;17/01/2024;5;71400;South;17087.95;0
Dumbbells Vero;21/05/2024;2;71382;South;4565.24;10
Microwave Vero;12/04/2024;2;71352;South;5019.37;10
Chair Odit;22/01/2024;3;71349;East;15172.76;10
Refrigerator Impedit;02/09/2024;5;71307;South;15010.02;15
Kids Wear Enim;22/06/2025;1;71307;East;3732.36;15
Fiction Excepturi;29/11/2023;3;71301;North;17209.99;15
Vase Modi;03/01/2024;4;71299.4;West;10868.48;15
Men's Wear Maxime;31/08/2025;2;71208.2;North;4701.11;0
Bed Ullam;22/11/2023;4;71084;South;6882.6;20
Refrigerator Ut;11/01/2025;5;71077;West;13264.25;5
Dumbbells Et;06/08/2025;3;71073;South;5631.97;15
Puzzle Quos;27/04/2024;4;71063.4;North;4325.75;5
Shampoo Velit;26/02/2025;1;71060;West;4134.52;20
Lamp Enim;28/08/2024;4;71024;East;7182.77;15
Shampoo Vitae;15/04/2025;4;70992;East;14671.13;10
Fiction Iusto;08/01/2024;2;70909.9;East;7013.61;20
Women's Wear Et;06/06/2025;2;70896.8;North;17618.62;5
Doll Deserunt;20/05/2025;2;70767.6;West;8791.86;20
Biography Facilis;02/10/2025;1;70674.3;East;17235.76;10
Action Figure Velit;09/12/2024;1;70668.6;South;8123.08;15
Smartwatch Ipsam;27/12/2023;1;70653.6;West;16910.36;10
Bed Dolores;16/12/2023;1;70622;East;7828.6;5
Cookware Set Repellat;04/03/2025;4;70579.2;East;8812.38;5
Board Game Reprehenderit;12/12/2024;1;70558;South;13210.75;15
Clock Officiis;02/01/2024;3;70446;East;9047.77;10
Sofa Fugiat;13/04/2025;2;70437.6;East;11394.23;15
Mobile Sequi;28/10/2024;3;70372.35;South;11550.34;0
Sofa Natus;12/09/2024;3;70353;West;12996.7;10
Cricket Bat Quidem;26/02/2024;2;70336;West;15557.69;20
Microwave Fugiat;19/12/2023;4;70323.2;East;7712.54;15
Smartwatch Cumque;25/02/2024;2;70320.9;East;10952.68;5
Clock Iure;24/01/2025;3;70281.6;North;15372.19;20
Lipstick Autem;14/09/2025;2;70187.4;West;8192.39;10
Biography Facilis;17/08/2025;5;70175;East;16803.05;20
Face Cream Aliquid;11/01/2024;3;70173.6;East;4185.68;10
Sofa Ducimus;21/09/2024;2;70170.8;East;17213.64;15
Table Beatae;27/09/2025;2;70049.2;East;17488.16;5
Accessories Quaerat;25/07/2024;2;70016.4;West;12402.74;10
Cabinet Ducimus;21/08/2025;3;70010.25;South;6127.26;15
Clock Assumenda;31/08/2024;1;70009.3;East;13909.36;20
Vase Esse;05/11/2024;1;69996.6;South;9559.86;10
Juicer Vero;22/06/2024;2;69994;West;11129.92;20
Dumbbells Debitis;10/08/2024;2;69931.8;South;12489.91;10
Laptop Fuga;28/03/2025;2;69868.7;West;12029.07;10
Lamp Eius;07/09/2024;2;69812;South;14777.1;0
Comics Nesciunt;29/01/2024;2;69777;West;5260.27;0
Rice Dignissimos;09/08/2024;3;69712.8;South;7430.39;5
Shoes Quos;23/01/2025;2;69645.6;South;12769.57;20
Juicer Possimus;16/06/2025;2;69539.2;North;7371.72;0
Mixer Grinder Tempora;28/01/2024;1;69530;East;10563.19;0
Microwave Distinctio;15/05/2025;3;69477;North;11470.59;20
Spices Officiis;17/11/2023;2;69416.1;East;10821.74;15
Sofa Facere;29/08/2024;4;69350.4;West;16957.84;15
Cabinet Asperiores;29/04/2025;3;69312;South;9362.15;0
Juicer Iure;11/12/2024;2;69260.4;North;8452.35;5
Cabinet Optio;11/11/2024;1;69250;South;15896.58;0
Puzzle Ut;16/04/2024;1;69193.25;South;9252.79;20
Wheat Repellendus;23/09/2024;3;69189;West;13824.22;10
Accessories Sint;26/12/2024;2;69153.6;South;5670.4;0
Microwave Architecto;04/01/2024;1;69136.25;West;3824.7;10
Biography Dignissimos;26/04/2024;2;69114;West;10488.22;0
Kids Wear Repellat;04/02/2024;1;69085.8;East;5785.85;15
Camera Officia;26/02/2025;4;69069.6;North;8781.31;20
Laptop Accusantium;25/05/2024;4;69049.8;East;4878.8;10
Clock Quidem;26/05/2025;3;69039;West;16389.33;0
Headphones Recusandae;07/03/2025;4;69008.4;West;15768.95;20
Face Cream Impedit;23/10/2024;3;69007.05;West;10987.17;0
Women's Wear Eum;22/05/2024;4;69000.4;North;14742.92;20
Non-Fiction Sit;06/05/2025;5;68990;South;10149.23;10
Non-Fiction Ipsum;19/10/2024;2;68958.6;South;10525.09;5
Men's Wear Voluptatum;04/11/2024;1;68926;East;9253.66;20
Textbook Alias;03/01/2024;1;68905.4;North;5338.34;20
Camera Ipsam;24/06/2024;4;68904.4;West;13538.12;15
Refrigerator Ipsa;24/09/2025;3;68898;North;10901.64;5
Camera Quasi;30/03/2024;4;68889.6;West;11105.93;20
Football Fugiat;27/08/2024;3;68870.4;North;11659.91;20
Women's Wear Quasi;28/02/2025;4;68752;North;15181.68;20
Tennis Racket Cumque;09/10/2023;2;68704;West;13928.85;20
RC Car Magnam;16/08/2024;3;68685;West;12048.75;10
Tennis Racket Earum;31/07/2024;4;68605.2;West;15558.14;20
Mixer Grinder Incidunt;06/07/2025;1;68527.3;West;4229.23;20
Clock Voluptates;14/04/2024;2;68502.6;South;16746.83;15
Chair Iure;28/06/2025;1;68459.85;South;5222.84;0
Men's Wear Hic;19/11/2023;1;68441.4;South;5512;10
Sugar Voluptatibus;09/10/2023;3;68418;South;11369.64;0
Spices Iste;28/12/2024;3;68412;West;12355.64;5
Laptop Nihil;28/10/2023;3;68380.2;West;5534.28;0
Vase Sit;17/06/2025;3;68364;South;9006.11;0
Table Sunt;10/04/2025;4;68358.2;North;11447.56;15
Clock Ex;12/06/2025;4;68323.2;East;13465.8;15
Juicer Delectus;22/05/2024;5;68289;West;11639.76;10
Sofa Voluptas;20/08/2025;1;68175;West;5299.2;5
RC Car Ad;28/08/2025;3;67992;East;7624.82;0
Table Harum;23/09/2025;4;67962.6;North;14779.28;15
Chair Ad;07/09/2024;2;67899.6;West;12947.94;0
Smartwatch Illum;19/12/2024;1;67752.65;East;10348.3;10
Board Game Sed;05/02/2025;1;67727.7;East;8682.4;10
Vase Atque;06/12/2024;3;67692.3;East;5902.01;20
Dumbbells Repellat;24/02/2025;4;67662.8;South;6064.12;5
Women's Wear Perspiciatis;14/08/2025;5;67662;East;6107.12;5
Cabinet Quibusdam;23/10/2024;3;67638.75;North;10344.85;15
RC Car Labore;12/12/2024;1;67599.15;South;9600.1;15
Cricket Bat Eos;12/10/2023;2;67581;East;3379.92;5
Rice Aliquid;06/08/2024;5;67554.5;West;16412.51;0
Sofa Nulla;23/01/2024;1;67413.5;East;6655.67;15
Women's Wear Placeat;07/06/2024;1;67368.6;South;4446.25;20
Wall Art Ipsa;06/09/2025;3;67362.6;South;9247.47;15
Comics Nostrum;01/01/2024;2;67362;South;9850.54;10
Puzzle Corrupti;23/09/2025;4;67308.8;South;14463.56;0
Fiction Est;27/10/2023;1;67209.3;South;4514.98;10
Sugar Excepturi;05/01/2024;1;67190.8;North;9016.43;10
Spices Odit;17/07/2025;2;67158;South;15052.38;20
Headphones Illo;11/05/2025;4;67150;South;8067.9;10
Doll Eveniet;30/03/2025;1;67075;North;4915.7;20
Yoga Mat Quibusdam;25/10/2024;3;67022.1;South;14626.79;20
Non-Fiction Quidem;23/01/2025;3;66997.8;North;16083.9;20
Board Game Qui;18/06/2024;4;66990.2;West;7860.7;15
Men's Wear Nobis;08/10/2024;1;66989.7;West;16450.64;15
Foundation Facere;01/03/2024;4;66986.4;East;9414.83;5
Biography Temporibus;02/05/2025;1;66879.05;West;15026.25;10
Cookware Set Sunt;06/11/2024;1;66876.3;West;9038.37;0
Juicer Ratione;18/05/2025;2;66795.2;South;14777.33;10
Smartwatch Minus;05/11/2023;3;66719.7;South;15381.82;15
Smartwatch Ipsa;20/10/2024;1;66693.55;North;13965.93;20
Cabinet Suscipit;12/01/2025;5;66670;South;3371.66;0
Board Game Veniam;07/11/2024;2;66620;North;4069.39;15
Doll Libero;08/06/2024;3;66483.6;East;10902.63;15
Women's Wear Odio;15/04/2024;3;66475.2;North;8946.95;10
Camera Culpa;26/02/2024;4;66473.4;South;10615.49;20
Oil Non;17/10/2024;4;66388.4;South;12866.73;15
Lamp Exercitationem;28/06/2024;3;66261;West;14117.39;0
Biography Ipsa;07/01/2025;1;66250.15;East;10451.39;0
Shoes Culpa;21/03/2025;1;66236.4;South;10801.54;10
Wall Art Sed;19/07/2024;1;66212.1;East;12024.74;20
Biography Occaecati;25/08/2025;5;66175;West;11936.89;10
Mobile Odit;24/10/2023;1;66153;East;12470.86;10
Non-Fiction Aspernatur;15/04/2025;1;66063.6;North;7545.82;0
Cabinet Doloribus;28/10/2023;4;66008;South;4033.91;10
Cushion Non;20/10/2024;1;65987.1;East;7355.54;15
Laptop Voluptatem;31/05/2024;5;65977.5;North;5467.67;10
Refrigerator Totam;17/01/2024;1;65959.2;South;14300.34;15
Biography Sed;17/06/2025;5;65932;South;10865.77;20
Microwave Nam;01/07/2024;5;65896.75;South;6173.95;0
Cookware Set Quibusdam;13/02/2024;2;65854.4;East;8012.31;5
Juicer Repellat;29/07/2024;4;65836;North;6303.95;20
Dumbbells Nam;09/03/2025;2;65793.6;East;9508.9;15
Headphones Aliquam;03/01/2025;1;65706;North;14494.42;15
Biography Neque;02/10/2024;1;65704.15;East;4199.71;0
Camera Ex;01/07/2025;3;65548.8;West;14067.84;15
Perfume Cupiditate;23/06/2025;2;65529.9;East;13282.81;15
Doll Repellat;25/11/2024;3;65484;North;3895.12;15
Tennis Racket Sit;07/05/2024;1;65364.3;North;11782.64;20
Sugar Ab;06/05/2025;1;65347.15;East;16285.2;20
Camera Temporibus;12/01/2024;2;65308.8;East;5824.16;20
Football Sequi;17/01/2025;3;65308.8;East;12706.81;20
Comics Debitis;26/08/2025;4;65235.8;North;4736.87;10
Bed Veritatis;09/04/2024;1;65196.6;East;7225.16;15
Sofa Temporibus;27/05/2024;5;65178;West;14017.38;0
Cricket Bat Debitis;24/11/2024;2;65144;East;12519.71;5
Cabinet Sed;17/10/2024;3;65111.7;North;6437.11;5
Vase Modi;17/06/2024;3;65081.1;West;12032.58;20
Shoes Architecto;25/04/2024;5;65046.5;West;3297.57;15
Wall Art Doloremque;05/06/2025;1;65015.1;North;9384.28;5
Lamp Et;09/03/2025;1;64999;West;7158.11;20
Refrigerator Quibusdam;16/08/2024;1;64983.8;East;10469.59;20
Biography Illum;02/09/2025;5;64880;West;11967.13;0
Sugar Perspiciatis;24/12/2023;3;64824;South;11767.91;15
Non-Fiction Voluptatem;15/07/2024;3;64809;West;13508.88;20
Bed Eveniet;02/04/2025;5;64765.75;West;6005.61;5
Sugar Aperiam;12/06/2024;1;64716.85;East;13194.27;0
Sugar Error;02/05/2025;1;64705.5;North;10782.8;20
Mobile Dolores;15/01/2025;1;64688.4;East;9795.77;15
Clock Atque;30/01/2024;1;64688.4;East;9686.98;20
Wheat Maiores;09/07/2024;1;64669;South;5061.88;5
Cricket Bat Assumenda;09/05/2025;3;64639.95;West;6608.14;5
Puzzle In;10/12/2024;3;64619.1;North;13758.87;10
Doll Alias;18/10/2024;3;64551;North;14888.99;5
Lamp Neque;20/11/2024;1;64516.5;East;15872.36;15
Mobile Consectetur;29/01/2024;1;64459;West;6411.07;15
Juicer Officia;19/10/2024;1;64346.35;North;11812.56;15
Non-Fiction Sed;05/12/2023;4;64336;North;10537.79;20
Sugar Doloribus;26/01/2024;3;64305.9;North;13301.03;5
Biography Deserunt;20/11/2023;5;64281.75;South;7907.34;20
Men's Wear Itaque;28/06/2025;1;64272.6;South;15073.36;20
Kids Wear Sed;16/09/2025;3;64257.45;North;13075.53;15
Sugar Reprehenderit;15/04/2025;1;64244.7;North;13265.48;15
Cookware Set Accusamus;05/04/2025;2;64222.2;West;11768.21;0
Spices Dolores;27/11/2023;1;64034.75;North;13472.26;5
Bed Officia;06/12/2023;2;64024.3;West;4799.5;15
Table Autem;11/04/2024;3;64016.7;North;10646.6;20
Bed Iusto;21/06/2024;1;63998.1;West;4593.02;15
Clock Rerum;25/05/2025;2;63974;East;13001.44;15
Cabinet Saepe;08/12/2023;1;63947.35;South;14977.88;10
Cabinet Occaecati;04/12/2024;3;63931.2;East;10476.66;15
Sofa Id;15/09/2024;3;63919.8;East;8467.3;10
Lamp Deserunt;03/06/2025;1;63918.4;South;11228.51;0
Fiction Facere;28/02/2024;1;63893.2;East;11116.67;10
Rice Dignissimos;14/05/2024;1;63884.8;West;10892.13;5
Football Molestiae;27/10/2024;1;63873.25;North;13779.84;15
Vase Maxime;05/07/2025;1;63821.4;East;9266.54;20
Refrigerator Ipsum;21/10/2024;1;63796.5;North;6201.21;15
Cookware Set Beatae;25/03/2025;1;63783;South;15236.98;20
Bed Alias;02/04/2024;2;63767.8;East;11910.29;10
Cookware Set Numquam;25/01/2025;1;63757.8;West;5162.02;15
Puzzle Dolorem;22/01/2025;1;63750.6;East;4232.48;15
Tennis Racket Sapiente;13/06/2024;2;63709.2;North;3898.41;10
Spices Nulla;22/07/2024;2;63708;South;9996.08;0
Lamp Enim;06/12/2024;3;63654;North;14559.87;0
Men's Wear Delectus;08/04/2024;2;63622.8;North;15716.73;10
Chair Quo;16/12/2024;1;63597.85;North;12212.62;0
Bed Hic;13/03/2024;4;63596.8;East;14947.14;15
Shampoo Deserunt;21/12/2024;1;63570.4;West;13239.5;10
Cookware Set Omnis;27/10/2024;1;63559.8;West;4851.06;10
Non-Fiction Animi;10/08/2024;3;63559.2;South;5216.17;15
Doll Aspernatur;24/04/2024;1;63545.4;South;9290.79;20
Board Game Rem;16/08/2024;2;63491.4;South;11506.5;0
Action Figure Rerum;22/09/2024;5;63490;South;12308.33;15
Refrigerator Et;01/05/2024;3;63482.25;South;10260.83;15
Bed Amet;13/05/2024;1;63477.6;West;11795.42;5
Men's Wear Consequatur;29/05/2025;2;63468;North;4890.14;10
Women's Wear Officiis;06/12/2023;1;63433;West;15133.43;5
Kids Wear Aspernatur;16/04/2024;3;63422.4;South;12272.84;15
Cricket Bat Illo;12/03/2025;1;63353.9;West;14251.46;0
Oil Accusantium;29/05/2025;1;63341.15;East;11503.83;5
Cabinet Harum;05/10/2024;2;63299.5;North;5113.83;15
Rice Deleniti;16/01/2025;2;63299.2;North;11971.03;10
Microwave Velit;19/10/2024;3;63268.8;North;10536.95;15
Lamp Excepturi;03/09/2025;2;63243.2;South;10326.16;10
Bed Reprehenderit;07/07/2025;1;63235.75;East;14639.26;15
Non-Fiction A;27/03/2025;1;63209.4;East;4085.25;10
Wall Art Quae;02/02/2025;3;63181.35;South;3552.34;0
Accessories Non;24/11/2023;2;63153;West;8477.88;20
Puzzle Perspiciatis;31/01/2025;1;63115.9;East;14966.43;10
Wheat Minima;04/05/2025;3;63093;West;8195.06;20
Yoga Mat Dolorum;09/07/2024;5;63064;North;11775.01;20
Cookware Set Odio;07/05/2025;1;63000;East;4286.16;15
Oil Facere;27/11/2023;1;62959.5;South;10292.93;5
Perfume Minus;30/08/2024;4;62944;South;10997.43;20
Lamp Nulla;26/08/2025;3;62925.6;West;10078.65;5
Bed Tempore;21/06/2025;1;62919.55;North;8388.14;10
Football Occaecati;25/02/2024;1;62910;West;11827.45;5
Men's Wear Quia;11/07/2024;1;62884.7;East;6713.01;0
Cushion Dolore;23/05/2025;1;62860.05;West;13813.12;10
Foundation Ipsa;29/03/2024;1;62831.2;North;8239.7;5
Vase Laborum;03/02/2024;1;62817;East;5326.09;15
Perfume Ea;25/06/2025;1;62808.2;North;14276.86;15
Shoes Necessitatibus;25/07/2025;1;62796;South;12979;15
Shampoo Nihil;01/04/2025;2;62790.4;East;12979.16;5
Yoga Mat Amet;05/12/2024;2;62772;West;13881.9;5
Smartwatch Eos;08/04/2025;1;62764.6;West;10948.43;0
Rice Reiciendis;17/08/2024;4;62747;East;14325.64;0
Microwave Optio;23/03/2025;2;62728.5;South;13505.03;10
Juicer Sit;04/11/2023;1;62703.9;West;12713.1;10
Mobile Commodi;17/04/2024;5;62683.25;East;9368.02;20
Sugar Non;02/08/2025;2;62663.4;South;4321.3;5
Shampoo Aperiam;14/03/2025;1;62586.4;East;7734.94;10
Men's Wear Voluptas;11/11/2024;1;62548;East;10623.32;5
Camera Ipsa;29/01/2025;1;62529.4;South;13309.3;15
Non-Fiction Nam;09/02/2025;1;62525;South;11292.2;10
Foundation Magni;02/01/2025;1;62507;North;15215.42;0
Women's Wear Illo;21/01/2025;3;62499;South;13726.38;5
Fiction Labore;24/08/2025;4;62470.4;West;13895.4;15
Biography Optio;20/04/2024;1;62444.8;East;7677.58;15
Shoes At;04/02/2024;2;62406.4;East;9123.67;5
Juicer Eum;28/01/2024;1;62395;East;6986.53;5
Microwave Ea;14/02/2024;3;62388.9;South;14441.15;20
Laptop Eveniet;14/01/2025;1;62387.1;North;4924.89;5
Spices Quos;10/05/2025;3;62310.6;South;13946.65;20
Biography Quasi;30/08/2024;3;62302.5;South;7202.57;10
Table Porro;14/05/2024;1;62253.5;North;9512.56;10
Biography Accusamus;15/07/2024;2;62236.8;North;5609.48;0
Shampoo Animi;11/09/2025;3;62192.7;South;4352.36;5
Women's Wear Explicabo;11/12/2023;1;62171;South;11086.04;15
Lamp Nostrum;23/03/2025;3;62043;West;10538.83;5
Tennis Racket Omnis;06/01/2025;1;61995.6;East;5224.04;5
Tennis Racket Sed;19/09/2024;4;61992;West;5890.9;0
Comics Necessitatibus;13/09/2024;3;61982.4;South;10743.52;5
Action Figure Doloremque;29/07/2025;1;61971.3;East;14880.57;20
Smartwatch Iusto;13/08/2024;1;61952;East;5178.3;10
Mixer Grinder Porro;14/01/2024;1;61952;South;5189.49;20
Headphones Error;20/11/2023;1;61948;West;14141.39;5
Cookware Set Neque;14/10/2023;4;61936;West;10861.3;0
Vase Dolorum;14/10/2023;3;61930.5;North;12070.69;15
Rice Odit;16/05/2025;2;61922.9;West;11144.15;10
Camera Dignissimos;15/09/2025;3;61893;West;6535.48;20
Football Corporis;20/01/2025;1;61892.5;South;4292.81;15
Headphones At;12/01/2024;1;61848;West;5578.91;15
Perfume Fugiat;16/10/2023;2;61801.6;East;12862.56;15
Vase Esse;23/02/2024;5;61800;East;6873.22;15
Face Cream Quis;14/10/2023;1;61785;West;14608.97;10
Shampoo Soluta;14/03/2025;1;61678.55;East;3994;20
Perfume Ipsam;23/10/2024;3;61675.2;North;10994.61;10
Camera Aperiam;12/09/2025;3;61661.55;North;6034.85;15
Board Game Pariatur;18/07/2024;2;61626.5;West;8798.42;15
Face Cream Consequatur;17/06/2024;3;61592.7;West;7626.36;0
Laptop Veniam;02/11/2024;1;61560;West;11239.26;10
Men's Wear Eaque;27/03/2025;1;61502;South;8436.36;20
Cabinet Inventore;08/02/2025;3;61495.8;North;5465.63;15
Sugar Non;04/10/2023;1;61466;North;11022.91;0
Kids Wear Enim;18/01/2025;5;61461;West;13012.43;15
Sofa Doloremque;17/02/2024;2;61436.5;East;14426.38;20
Laptop Consectetur;27/07/2025;1;61410.85;North;13218.66;0
Shampoo Accusantium;05/05/2025;1;61347.6;East;9317.28;10
Rice Velit;03/09/2025;1;61314.9;West;4364.69;20
Perfume Natus;25/05/2024;3;61295.4;North;5406.59;5
Dumbbells Excepturi;21/07/2025;1;61263.9;East;9417.67;0
Football Aliquid;27/11/2024;1;61199.1;West;12278.12;10
Puzzle Sapiente;15/01/2024;2;61120;East;14004.56;0
Textbook Quam;02/12/2024;5;61068;East;10558.23;10
RC Car Quam;11/07/2025;4;61056;East;10008.03;0
Action Figure Aut;27/12/2023;1;60989;South;4948.38;10
Sugar Excepturi;30/09/2025;4;60908;West;8627.02;0
Women's Wear Corporis;04/02/2024;3;60854.4;East;5830.96;15
Football Repellendus;10/04/2025;3;60822;West;4831.06;10
Laptop Aliquam;17/01/2025;1;60813;West;12988.64;15
Dumbbells Distinctio;30/03/2025;3;60736.8;West;11776.86;15
Wheat Temporibus;08/04/2025;2;60701.9;South;10337.93;5
Headphones Sed;15/11/2023;1;60700.8;East;7216.55;10
Cookware Set Corporis;18/06/2025;1;60692;East;12144.4;5
Sofa Reprehenderit;04/09/2025;2;60660;North;14264.09;10
Oil Eveniet;19/06/2024;4;60652;South;8462.5;10
Microwave Optio;11/08/2025;5;60626.25;West;13804.41;10
RC Car Aliquam;30/05/2025;1;60617.7;East;6919.36;5
Mixer Grinder Sed;28/04/2025;1;60556.55;South;14619.27;5
Board Game Officiis;17/09/2025;2;60494.4;South;12705.82;0
Action Figure Quam;20/06/2025;1;60493.5;South;11207.92;5
Women's Wear Saepe;04/05/2024;5;60490.25;West;4870.39;10
Kids Wear Tempore;06/04/2024;3;60488.4;South;3572.45;5
Women's Wear Pariatur;17/10/2024;1;60453.9;East;9287.46;20
Headphones Exercitationem;14/12/2024;2;60444;West;5067.9;15
Kids Wear Reprehenderit;13/02/2024;1;60412;South;9609.65;5
Microwave Cumque;19/08/2024;1;60344;West;3392.64;5
Juicer Nostrum;18/10/2024;4;60329.6;West;14569.79;15
Refrigerator Temporibus;17/02/2024;1;60307.5;South;3766.9;10
Sugar Deleniti;09/08/2024;4;60285.4;South;3073.78;5
Lipstick Deserunt;13/01/2024;1;60253.95;West;8228.46;10
Smartwatch At;29/07/2025;1;60217;East;4724.86;10
Spices Quos;21/09/2025;3;60195.3;South;10532.87;0
RC Car Pariatur;25/11/2024;1;60185.7;South;4072.39;5
Foundation Non;20/03/2025;2;60169.2;West;10760.64;5
Puzzle Dolore;02/08/2025;1;60133.25;North;7744.25;10
Kids Wear Eveniet;09/08/2024;2;60129;North;7808.18;10
Camera Voluptatum;07/11/2024;1;60107.75;North;5835.25;10
Bed Incidunt;21/01/2024;3;59966.4;West;14461.24;15
Table Atque;30/03/2025;3;59964;North;10277.19;10
Oil Sunt;03/07/2024;2;59925.6;West;10676.52;10
Tennis Racket Temporibus;01/05/2024;1;59887.2;South;10247.62;10
Tennis Racket Repudiandae;01/02/2024;1;59876.55;South;6519.31;0
Tennis Racket Libero;16/07/2024;4;59856;South;14316.75;15
Cabinet Minima;14/01/2024;3;59841.6;East;13615.75;10
Non-Fiction Optio;19/08/2024;4;59810.4;North;12464.49;20
Women's Wear Alias;05/11/2023;5;59784;South;12405.11;10
Lamp Veritatis;28/04/2025;2;59780.5;East;11479.28;10
Doll Temporibus;13/02/2025;3;59764.5;North;5967.44;15
Clock Excepturi;05/06/2025;2;59604;North;5941.58;10
Wheat Distinctio;22/02/2024;4;59603.2;East;4144.46;10
Puzzle Veritatis;08/05/2025;1;59569.6;East;4505.47;15
Bed Pariatur;09/10/2024;1;59542.4;West;6451.26;15
Kids Wear Officia;02/01/2025;2;59540.3;North;3887.55;10
Cookware Set Ipsum;14/06/2024;1;59535.9;West;10175.19;5
Juicer Quis;26/06/2024;4;59511.8;North;4290.49;0
Cushion Similique;27/02/2024;3;59502;West;11271.56;10
Headphones Dolorum;03/03/2024;3;59436;West;13689.65;10
Mixer Grinder Commodi;30/09/2025;4;59414.4;North;6176.71;5
Rice In;31/12/2024;2;59411.2;South;6255.84;20
Textbook Dolore;04/12/2024;1;59384.8;West;4116.67;10
Doll Ab;18/12/2023;4;59371.2;North;6683.37;5
Comics Consequuntur;23/10/2024;1;59369.4;South;12497.38;0
Tennis Racket Rerum;14/10/2024;1;59346.5;West;13481.71;15
Non-Fiction Maiores;26/08/2024;2;59337;South;6148.85;5
Perfume Commodi;16/02/2024;3;59319.9;South;7273.45;20
Board Game Animi;26/03/2025;1;59316.1;South;4810.78;15
Table Eius;14/09/2025;2;59304;East;10542.66;5
Table Iure;08/07/2024;3;59273.1;East;14613.39;10
Wheat Laudantium;10/12/2024;3;59258.4;East;11759.08;0
Wall Art Numquam;26/07/2024;1;59223.6;East;11869.84;20
Lamp Totam;22/09/2024;3;59180.4;South;5772.78;0
Doll Illum;29/03/2024;4;59130;South;8281.68;20
Spices Suscipit;25/08/2025;3;59092.2;West;14240.48;5
Shoes Molestias;28/11/2023;1;59080.8;North;13156.96;5
Shampoo Libero;04/02/2025;4;59052.8;East;3756.64;5
Clock Rerum;27/08/2024;2;59007.6;North;4037.99;15
Juicer Distinctio;27/05/2024;1;58985.5;South;7879.2;15
Kids Wear Architecto;08/06/2024;5;58896;South;11457.13;20
Cushion Id;12/11/2024;3;58821;North;9062.46;10
Cabinet Accusantium;18/05/2025;1;58805.6;West;4650.02;0
Juicer Sint;30/10/2023;2;58760.5;West;13789.31;10
Wheat Laborum;14/05/2025;3;58701;South;7699.42;5
Tennis Racket Doloremque;17/11/2024;2;58688;East;4597.42;5
Kids Wear Adipisci;07/03/2024;2;58687.4;East;12643.62;20
Textbook Consequuntur;03/09/2025;2;58657.6;West;10719.27;20
Men's Wear Ullam;30/11/2023;5;58635;East;11660.93;10
Foundation Doloribus;03/02/2024;3;58634.4;West;9573.53;5
Textbook Iusto;20/02/2025;1;58614.4;South;9720.12;20
Spices Et;22/11/2024;2;58600;West;8408.05;0
Cricket Bat Quam;24/04/2025;4;58544.6;North;12592.14;0
Shampoo Est;29/03/2025;2;58497.2;West;8992.54;0
Fiction Natus;16/03/2025;4;58486.4;West;12976.87;15
Action Figure Dolor;16/04/2025;1;58458.6;North;6815.4;10
Camera Facere;25/10/2023;1;58392.9;South;3188.26;0
Bed Aspernatur;13/09/2024;1;58351.85;West;7117.79;0
Biography Eaque;11/12/2024;1;58312;South;11072.97;20
Dumbbells Perferendis;23/06/2024;3;58305.3;South;11037.95;0
Table Voluptatibus;19/01/2025;1;58301;West;13958.75;0
Clock Amet;16/07/2025;2;58288;South;10179.74;20
Wheat Delectus;19/07/2024;1;58194;North;6749.93;20
Shampoo Distinctio;17/05/2025;3;58185.9;South;9037.45;5
Clock Iusto;13/08/2025;4;58172.4;North;10005.43;15
Clock Odit;19/01/2025;2;58144;West;13459.28;5
Wall Art Quos;29/07/2024;1;58116;North;13838.66;20
Cricket Bat Optio;19/10/2023;4;58082.2;South;8013.51;15
Lipstick Voluptatum;24/04/2024;1;58072.8;North;9932.48;10
Kids Wear Nobis;12/01/2025;1;58065.3;West;6649.68;20
Clock Aliquam;05/09/2025;3;58053.6;North;9053.66;5
Sugar Nostrum;24/12/2024;3;58032;West;14341.48;0
Lamp Incidunt;06/10/2023;1;58028.65;East;8718.14;20
Face Cream Ea;26/12/2024;1;57997.8;South;5289.52;10
Cushion Aut;12/09/2024;1;57911.05;West;7265.81;15
Sugar Dicta;19/02/2024;1;57860.7;East;9905.9;20
Wall Art Nostrum;17/07/2024;2;57780.9;South;11144.98;15
Perfume Beatae;29/04/2025;1;57732.45;North;5845.89;20
Microwave Eveniet;29/08/2024;1;57713.6;East;5965.29;0
Vase Occaecati;19/11/2024;5;57703;West;10004.31;10
Vase Dolorem;19/04/2025;1;57692.8;West;12204.5;20
Vase Nobis;10/06/2025;5;57690;North;3438.44;20
Lipstick Quos;22/03/2024;2;57673.6;North;9875.64;10
Chair Quibusdam;18/03/2025;2;57582.4;South;4360.3;15
Cabinet Porro;31/03/2025;4;57535.8;East;4627.14;10
Biography At;29/01/2025;3;57531.6;West;5108.01;20
Mobile Mollitia;25/02/2025;2;57519.5;West;7514.18;10
Microwave Sit;25/06/2025;1;57508.2;East;6021.49;5
Sugar Eveniet;29/07/2025;2;57502.4;South;6993.82;20
Shoes Dolorum;05/07/2024;3;57474.45;North;9466.49;20
Wall Art Corrupti;07/03/2025;1;57377.55;South;3707.98;20
Vase Officiis;09/04/2024;2;57324.9;South;11541.33;0
Lamp Fuga;01/06/2024;5;57316;South;6909.73;5
Microwave Nihil;24/03/2024;5;57242.25;South;14299.13;0
Perfume Similique;16/07/2025;5;57240;East;4777.6;15
Clock Optio;24/05/2024;2;57235.6;East;10384.91;5
Spices Earum;15/01/2025;1;57182.4;West;3543.56;10
Microwave Debitis;24/10/2024;1;57035.2;South;5297.46;10
Refrigerator Voluptatum;13/10/2024;1;57023.95;West;13475.3;10
Foundation Dolores;13/07/2025;5;57005.25;East;9871.69;0
Chair Excepturi;26/12/2024;1;56990.4;North;8632.12;0
Microwave Illum;18/06/2025;1;56969.6;East;6060.12;0
Laptop Non;31/12/2023;1;56967;South;13168.07;20
Refrigerator Accusamus;21/07/2024;1;56925;South;6072.3;10
Spices Consectetur;14/04/2024;2;56899.2;East;10231.06;20
Non-Fiction Deserunt;13/03/2024;1;56897;West;4720.95;0
Football Officiis;18/01/2024;1;56888;South;10954.94;10
Table Similique;27/10/2023;4;56876.4;North;11137;5
Accessories Iure;15/12/2024;1;56853.7;South;9759.16;0
Yoga Mat Ab;04/10/2023;3;56847;South;4259.92;10
Women's Wear Officia;03/06/2024;1;56836.6;South;8325.15;10
Juicer Earum;29/08/2025;1;56834.4;North;6724.29;15
Lipstick Ea;16/10/2024;1;56828.8;South;5863.92;5
Cricket Bat Laudantium;21/08/2025;2;56662;North;8548.51;15
Foundation Assumenda;30/03/2024;1;56649.1;West;10433.92;20
Laptop Et;10/02/2025;3;56541.6;West;5767.1;10
Chair Laboriosam;22/10/2024;1;56527;North;12218.09;0
Doll Ducimus;26/09/2024;1;56458.8;West;7908.1;5
Juicer Libero;20/07/2024;2;56456;West;3886.47;15
Lamp Aliquid;22/06/2025;2;56425.6;North;10575.53;10
RC Car Magnam;29/08/2024;1;56383.9;West;3173.68;5
Laptop Molestiae;14/07/2025;4;56365.4;North;7038.95;15
Cricket Bat Placeat;26/05/2025;2;56334;West;5077.09;5
Refrigerator Quo;26/11/2023;1;56313.6;East;12157.99;0
Microwave Cumque;22/11/2023;4;56313.6;East;11498.54;10
Perfume Sint;16/10/2024;2;56274;North;4871.14;10
Oil Dignissimos;18/07/2024;1;56263.2;West;10654.56;5
Clock Iste;11/05/2025;1;56223;North;3547.07;5
Face Cream Tenetur;11/03/2024;1;56215;East;13489.94;20
Shampoo Rem;10/01/2025;4;56188.4;North;9406.6;15
Smartwatch Vero;15/09/2025;2;56186;South;12413.3;20
Board Game Culpa;29/02/2024;5;56155;East;4902.83;20
Doll Ipsa;12/05/2024;1;56140;South;4888.76;5
Kids Wear Porro;07/12/2023;2;56116.8;North;7022.51;5
Juicer Nesciunt;10/09/2024;2;56089.8;North;9486.42;5
Face Cream Quia;09/08/2025;1;55992;West;12191.29;15
RC Car Quisquam;19/10/2023;2;55955.5;East;7212.67;10
Spices Expedita;23/08/2025;1;55914;South;3180.85;5
Accessories Alias;30/09/2024;2;55892.8;South;4764.82;15
Spices Perspiciatis;19/10/2023;2;55867.6;North;3367.51;20
RC Car Assumenda;01/09/2024;1;55816.8;South;4734.21;0
Face Cream Quos;10/01/2024;1;55803.35;North;6949.43;5
Dumbbells Totam;21/02/2024;1;55797.4;North;8051.95;10
Board Game Assumenda;03/10/2024;3;55683.3;West;9759.54;0
Oil Officiis;20/10/2024;1;55662.4;East;12414.3;0
Women's Wear Dignissimos;22/05/2024;1;55654.4;North;10611.14;15
Smartwatch Accusamus;03/12/2023;1;55644;East;9752.27;0
Women's Wear Vero;30/08/2025;2;55570;East;6793.55;5
Lipstick Repellendus;26/07/2025;1;55533;West;10283.24;15
Comics Eveniet;27/07/2024;5;55455;East;2989.92;0
Chair Aperiam;01/02/2025;3;55452.6;East;5846.19;10
Textbook Nisi;30/06/2025;2;55368;South;4212.59;10
Smartwatch Nesciunt;19/10/2023;2;55367.3;North;5273.68;10
Action Figure Laudantium;09/11/2024;5;55335;South;5950.22;10
Laptop Magnam;28/09/2024;2;55303.2;North;13410.63;15
Dumbbells Voluptate;30/07/2025;2;55274.8;North;9564.03;5
Biography Accusamus;21/09/2024;2;55267;South;11807.32;10
RC Car Corrupti;17/03/2025;1;55250.1;West;6417.11;20
Camera Facere;22/10/2023;1;55176.9;West;10151.81;20
Shampoo Voluptate;21/02/2025;2;55143.7;West;5719.02;15
Microwave Provident;27/08/2024;4;55134;West;8566.21;15
Face Cream Laborum;31/08/2025;1;54989.8;South;2753.58;0
Perfume Quibusdam;25/02/2025;1;54944;North;10985.4;15
Cookware Set Doloribus;29/06/2025;4;54896;South;11120.28;5
Bed Laudantium;22/06/2024;1;54834.35;West;7152.58;15
Oil Laboriosam;09/02/2025;3;54820.8;South;8867.14;20
Smartwatch Similique;24/04/2025;5;54815;South;8558.02;10
Board Game Repudiandae;02/11/2024;1;54775.2;South;7708.35;20
Puzzle Doloremque;07/05/2024;1;54766.4;South;4291.29;15
Sofa Nemo;06/08/2024;5;54702;West;3633.06;0
Action Figure Veritatis;03/10/2025;1;54671;West;12774.27;20
Men's Wear Quisquam;28/11/2023;1;54651.6;South;9385.51;20
Textbook Totam;14/10/2024;3;54603;South;7129.22;0
Camera Dignissimos;22/10/2024;2;54538.2;South;10554.74;15
Shampoo Itaque;14/10/2024;1;54511.35;South;8642.74;10
Wheat Ducimus;10/09/2025;2;54500.3;West;6296.6;0
Laptop Impedit;12/11/2023;2;54462.6;South;4180.17;15
Puzzle Asperiores;14/02/2024;1;54449.3;West;5391.39;5
Non-Fiction Numquam;05/04/2024;3;54445.05;South;3384.36;10
Cushion Qui;27/06/2024;2;54444.6;South;5481.82;5
Men's Wear Odit;30/04/2024;1;54397;East;8823.05;20
Dumbbells Dolorem;18/10/2024;1;54355.5;East;8805.24;15
Biography Deserunt;25/03/2025;1;54330;South;8921.7;10
RC Car In;03/02/2025;1;54312;East;10936.17;0
Board Game Perferendis;26/11/2023;5;54283.5;South;12308.11;20
Shoes Ullam;30/01/2025;1;54250;North;4678.75;5
Sofa Adipisci;27/03/2025;2;54240;North;3084.99;5
Football Et;11/03/2025;2;54185.6;East;8205.43;20
Rice Laudantium;15/12/2023;1;54182.4;North;3733.96;15
Smartwatch Nemo;27/01/2024;1;54181.8;East;3855.06;20
Dumbbells Cum;02/05/2024;1;54160;North;7072.49;0
Bed Illum;02/02/2024;1;54140.4;North;11831.41;20
Bed Temporibus;03/01/2025;2;54119.5;East;11378.3;15
Football Provident;04/02/2025;3;54095.7;East;2905.57;10
Fiction Quas;01/02/2024;2;54092.3;East;12966.11;5
Vase Inventore;13/11/2023;1;54079.7;West;12005.1;20
Lamp Placeat;03/02/2025;1;54064;South;4728.27;10
Fiction Quisquam;12/03/2024;3;54052.8;West;3842.98;15
Kids Wear Exercitationem;15/04/2025;3;54048;East;12371.54;15
Cookware Set Illo;29/03/2025;1;54038.85;South;11664.07;20
Perfume Deserunt;01/06/2025;1;54015.3;East;8448.22;20
Camera Nostrum;10/04/2024;2;53998.4;East;6954.99;20
Wheat At;01/01/2025;1;53985.65;South;8783.57;0
Vase Ut;16/10/2023;3;53973;East;12190.49;0
Board Game Nulla;19/10/2024;5;53969.5;South;6503.05;20
Cricket Bat Necessitatibus;11/11/2024;4;53967.6;North;7196.1;5
RC Car Rerum;04/02/2024;4;53900.2;West;7996.18;0
Perfume Numquam;30/06/2025;3;53870.4;South;9809.2;20
Wheat Animi;22/06/2025;3;53805.6;East;7062.92;15
Shoes Aliquam;28/02/2025;1;53794.8;West;9995.32;0
Vase Iure;05/01/2025;4;53784;North;6554.39;0
Juicer Tempora;16/06/2025;3;53687.7;East;8755.04;20
Camera Officiis;27/12/2023;3;53679;East;9265.29;5
Tennis Racket Quos;03/09/2025;3;53667.3;West;8819.86;10
Clock Odit;02/03/2024;3;53654.4;North;12127.18;15
Action Figure Quam;14/08/2024;1;53646.4;South;6289.52;0
Smartwatch Occaecati;23/04/2024;2;53622;West;5830.42;10
Non-Fiction Pariatur;11/04/2024;4;53618.4;West;5273.99;10
Accessories Itaque;13/12/2023;5;53580;West;7884.03;20
Shoes Consectetur;26/08/2024;5;53530;West;12038.72;10
Clock Modi;26/06/2024;3;53500.2;North;11704.02;5
Biography Qui;15/04/2024;1;53482;West;4786.7;5
Rice Ex;09/06/2025;1;53463.15;East;12215.5;20
Wheat Recusandae;23/10/2023;1;53454.8;North;8257.27;20
Tennis Racket Quae;10/03/2025;3;53443.8;South;8011.06;15
Cabinet Expedita;02/02/2024;1;53432.7;North;8114.7;15
Sofa Aperiam;13/09/2025;1;53381.6;West;4368.49;10
Wall Art Soluta;23/12/2023;2;53344.3;East;11506.05;20
Table Debitis;19/04/2025;3;53337.6;South;7880.65;0
Textbook Optio;19/01/2024;3;53323.05;North;10867.33;15
Foundation Deleniti;25/06/2024;4;53283.6;West;3108.83;10
Juicer Vitae;12/11/2023;1;53273.75;West;2838.01;0
Chair Sunt;21/09/2025;1;53214.3;West;9499.89;5
Action Figure Dolorem;17/12/2023;3;53192.7;East;3178.33;20
Cushion Voluptate;28/07/2024;2;53128;East;12431.54;5
Shoes Qui;19/11/2024;4;53124;South;10001.25;0
Fiction Rem;27/02/2025;2;53116.5;East;4992.38;15
Lipstick Tempore;13/09/2024;1;53116;North;8171.34;5
Spices Tenetur;04/09/2024;4;53104;East;4194.64;5
Accessories Voluptas;18/08/2024;2;53089.2;South;10186.48;0
Lamp Unde;29/03/2024;5;53048.5;South;10930.92;5
Laptop Magnam;14/02/2025;1;53001;East;7914.39;0
Shoes Recusandae;02/12/2024;3;52972.8;West;2832.75;0
Table Voluptate;18/04/2024;1;52961;East;12025.23;20
Face Cream Distinctio;17/04/2025;3;52946.4;North;3283.28;0
Rice Quos;11/01/2025;1;52886.15;East;13146.08;5
Puzzle Quaerat;20/07/2024;4;52865.6;South;3136.41;0
Mobile Rem;26/09/2025;2;52824;West;5742.19;15
Chair Aut;27/12/2023;2;52803.2;South;12398.2;5
Table Voluptas;05/05/2024;1;52785.85;South;7000.08;0
Tennis Racket Doloribus;03/09/2025;1;52781;North;4085.32;20
Mobile Asperiores;19/05/2025;2;52761.6;West;3410.99;0
Kids Wear Sed;15/01/2025;3;52744.5;South;5396.94;0
Fiction Velit;07/11/2024;1;52740.8;South;4635.38;0
Cookware Set Unde;30/06/2024;2;52738.2;North;8816.03;10
Non-Fiction Molestiae;02/12/2024;2;52715.2;West;2862.48;0
Oil Tempora;17/08/2024;2;52711.7;North;8356.02;20
Sofa Delectus;26/03/2024;3;52711.2;North;3202.45;0
Yoga Mat Consequuntur;29/10/2024;2;52700;South;3826.37;10
Spices At;16/09/2024;3;52687.8;East;8916.55;15
Non-Fiction Inventore;02/07/2024;5;52645;West;10727.91;15
Shoes Praesentium;24/01/2025;1;52631.1;North;3786.2;15
Accessories Possimus;13/08/2024;1;52599.6;North;11449.72;10
Cricket Bat Voluptatem;03/01/2025;2;52593.6;West;8592.82;0
Rice Ipsam;01/05/2025;1;52576.8;South;10497.94;5
Kids Wear Suscipit;22/06/2024;5;52535;South;11583.36;20
Bed Ratione;05/02/2025;3;52512;North;7966.85;0
Lamp At;04/01/2024;1;52459;West;7058.33;10
Rice Voluptate;23/05/2025;2;52452;North;6048.48;0
Kids Wear Commodi;08/04/2025;3;52445.7;West;9802.46;10
Football Modi;28/12/2024;1;52246.8;South;6895.88;0
Biography Ullam;15/08/2024;3;52237.65;East;3191.91;20
Cricket Bat Ullam;20/03/2024;4;52073.6;South;6809.53;20
Juicer Deleniti;22/11/2024;1;51998.75;South;10749.96;15
Smartwatch Fugiat;22/08/2025;2;51951.6;South;9561.42;10
Smartwatch Possimus;09/11/2023;4;51816;West;7579.37;10
Fiction Aliquid;15/08/2024;1;51740.35;South;7952.62;15
Wall Art Vero;22/12/2024;1;51713;West;6255.25;5
Oil Ex;12/02/2025;3;51710.4;North;6633.79;10
Shoes Autem;21/03/2024;5;51672;South;11810.45;15
Oil Explicabo;25/04/2025;5;51640;West;10631.27;5
RC Car Labore;11/10/2023;1;51606.85;East;8692.8;10
Shampoo Accusantium;08/04/2024;2;51552;East;12761.9;10
Yoga Mat Magnam;02/05/2024;4;51531.8;East;4151.73;15
Shampoo Incidunt;14/08/2024;1;51471.95;North;12268.1;5
Cabinet Repudiandae;07/03/2025;1;51467.2;East;10699.67;15
Sofa Vel;24/02/2024;5;51403.5;East;6876.31;10
Wall Art Quidem;22/08/2024;4;51401.2;East;2930.42;15
Table Fuga;07/01/2024;3;51362.1;East;5224.61;20
Table Voluptate;01/02/2025;1;51339;West;9920.67;5
Spices Aut;08/04/2024;2;51290;South;5414.99;10
Shoes Voluptas;24/01/2024;2;51262.4;West;5086.3;10
Tennis Racket Suscipit;05/03/2024;3;51261.6;East;6192.03;20
Vase Ratione;05/12/2024;1;51253.45;North;6826.05;10
Sofa Quibusdam;04/08/2025;5;51247.75;East;9805.98;15
Non-Fiction Iure;23/09/2025;3;51213.6;South;6055.61;5
Spices Pariatur;24/02/2025;2;51148.8;South;5324.04;5
Non-Fiction Repellendus;06/01/2025;1;51140;North;6944.54;20
Clock In;17/04/2024;3;51134.7;East;8840.52;0
Wall Art Fuga;07/08/2025;3;51112.2;North;10325.64;10
Fiction Rem;21/12/2024;1;51101.45;East;10381.05;0
Spices Eum;16/08/2024;2;51059.2;East;11797.61;10
Wheat Doloremque;29/08/2025;3;51055.2;North;10598.53;15
Oil Illo;07/12/2024;2;51036;South;4992.62;0
Dumbbells Saepe;21/09/2024;3;51031.2;North;6478.46;0
Sofa Dolor;22/07/2024;1;51013.6;East;4109.49;20
Perfume Minus;29/08/2025;3;51004.8;East;4226.24;0
Microwave Deleniti;23/07/2024;1;50998.3;West;9612.04;15
Fiction Maxime;09/08/2025;2;50998.3;West;3762.69;20
Cushion Temporibus;04/12/2024;1;50990.4;North;9654.26;10
Mobile Velit;09/11/2024;1;50990;East;11837.53;20
Table Nobis;01/08/2025;2;50884.8;West;4667.31;20
Spices Libero;20/03/2025;1;50868.7;South;9767.24;0
Cabinet Nisi;18/03/2025;1;50811.3;West;8498.57;20
Shampoo Molestiae;22/11/2023;1;50806.8;West;9230.57;10
Comics Quasi;15/02/2024;4;50751.8;West;4972.28;15
Lipstick Atque;29/03/2024;1;50750.1;North;5886.11;10
Headphones Rerum;29/08/2024;1;50673;South;6174.29;20
Accessories Reprehenderit;28/02/2025;5;50563.75;East;3476.27;0
Juicer Totam;26/01/2025;5;50517;North;2567.28;15
Wall Art Quos;02/11/2024;1;50451.2;West;12529.73;20
Chair Sapiente;08/09/2025;1;50415.3;North;2587.05;20
Accessories Architecto;14/10/2023;1;50399.9;East;6193.37;20
Laptop Fuga;21/01/2024;2;50323.4;North;4266.94;15
Kids Wear Velit;21/06/2025;3;50314.5;South;9875.2;10
Football Quia;12/01/2024;3;50306.4;South;5123.95;0
Mixer Grinder Ea;26/01/2025;4;50296.2;North;5620.01;10
Biography Ex;12/01/2024;1;50224;East;11860.63;15
Comics Culpa;21/03/2025;2;50189.1;West;4620.27;10
Textbook Illo;03/02/2025;3;50153.4;East;2768.78;0
Microwave Quos;22/01/2024;1;50135.3;North;3969.6;20
Spices Incidunt;12/01/2025;1;50112.9;West;11463.45;5
Rice Vitae;25/09/2025;5;50100;South;11792.98;15
Tennis Racket Laboriosam;11/05/2024;1;50084.8;West;5298.77;15
Rice Eaque;05/06/2024;4;50041.2;South;8295.67;15
Kids Wear Eos;17/12/2023;1;50040;South;9760.82;0
Accessories Culpa;02/08/2024;5;50035;West;11418.45;10
Mixer Grinder Optio;01/01/2025;2;50027.2;North;9670.07;10
Camera Corrupti;02/05/2024;2;49987.8;South;6019.35;0
Textbook Voluptatibus;18/05/2024;1;49958.4;North;6478.4;0
Headphones Minus;17/01/2025;3;49944;East;8637.44;10
Table Ipsum;30/01/2024;4;49897.8;West;11710.24;10
Microwave Dolorem;04/03/2025;1;49866.4;East;11233.97;15
Textbook Quae;01/02/2024;1;49852.2;North;3203.67;15
Smartwatch Quasi;24/01/2024;1;49828.5;West;6517.7;10
Accessories Mollitia;20/12/2023;1;49766.4;West;9434.99;0
Yoga Mat Harum;02/11/2023;4;49571;West;8194.98;10
Clock Atque;05/08/2025;1;49454;West;11369.32;10
Clock Itaque;12/12/2023;2;49451.3;North;8546.38;10
Women's Wear Ad;05/08/2024;2;49449.4;East;8415.25;5
Chair Repellendus;28/12/2024;4;49442.4;South;9561.05;10
Yoga Mat Architecto;25/03/2024;1;49429;South;8414.39;5
Perfume Accusamus;30/04/2025;2;49386;East;11058.84;10
Cabinet Quam;12/12/2024;4;49352.4;North;6804.67;0
Foundation Molestiae;22/10/2023;2;49332;East;10545.56;5
Oil Praesentium;12/11/2023;1;49323.05;North;2779.33;0
Refrigerator Aut;31/01/2024;1;49302.55;North;10199.98;0
Cabinet Neque;11/03/2024;5;49260;West;10532.59;5
Spices Itaque;18/06/2024;1;49239.65;South;7740.55;10
Wheat Magnam;22/06/2024;1;49237.1;West;6411.26;10
Wall Art Et;15/01/2024;2;49232;West;4029.73;0
Cricket Bat Aperiam;22/03/2024;1;49113;South;10380.7;20
Football Quaerat;07/08/2025;1;49102;North;7176.64;20
Dumbbells Numquam;14/04/2025;1;49059.9;East;4058.03;20
Chair Voluptatum;27/10/2024;4;49024;East;4940.52;10
Cookware Set Aspernatur;08/11/2024;1;49016.2;West;10826.52;20
Vase Natus;14/07/2025;3;48883.2;East;3433.28;20
Smartwatch Adipisci;08/07/2024;4;48844.8;West;6603.86;0
Tennis Racket Corporis;06/02/2024;2;48809.1;West;11535.18;5
Sugar Dolores;18/07/2024;4;48800;East;5754.31;15
Chair Omnis;14/02/2024;1;48758;South;9885.6;10
Bed At;20/03/2025;5;48627;South;4120.89;5
Cabinet Dolores;21/03/2024;5;48622.5;South;5823.27;10
Headphones Quo;10/06/2025;1;48618.15;North;5086.73;5
Juicer Harum;12/03/2025;1;48597;West;3777.14;20
Women's Wear Quo;01/12/2024;1;48581.1;North;5848.49;0
Camera Laboriosam;03/01/2025;1;48568.15;West;8800.25;20
Wall Art Illo;13/04/2025;3;48552;East;6548.33;0
Oil Deserunt;10/12/2024;1;48531.6;South;9841.96;10
Cookware Set Optio;19/03/2024;1;48522.6;North;3280.08;20
Cricket Bat Ea;20/02/2025;4;48466.8;South;6880.3;5
Textbook Enim;24/07/2025;5;48445.75;North;11983.85;20
Wall Art Adipisci;16/02/2025;2;48430.4;North;11645.9;5
Refrigerator Cupiditate;17/05/2025;4;48388.8;West;10859.04;10
Yoga Mat Facere;15/05/2025;4;48293.6;North;9440.48;0
Comics Voluptatibus;30/05/2024;2;48281.4;West;3861.9;10
Cookware Set Necessitatibus;21/07/2025;1;48242.4;North;4371.72;0
Dumbbells Cupiditate;03/12/2023;4;48237.2;North;7333.18;20
Bed Voluptatem;05/10/2024;1;48225.6;West;7602.01;0
Textbook Placeat;30/01/2025;1;48178;West;7140.03;10
Lipstick Nam;11/07/2024;1;48126.4;West;5160.91;15
Biography Rem;18/08/2024;1;48125.3;South;2447.25;5
Tennis Racket Ea;09/12/2023;2;48043.7;East;10879.68;20
Cookware Set Dignissimos;15/05/2025;2;48012.8;East;7292.69;10
Sugar Libero;02/03/2024;1;48009.2;West;5845.32;0
Cabinet Autem;07/05/2025;1;47978;North;5386.17;0
Dumbbells Dignissimos;01/02/2024;2;47941.2;South;5258.87;10
Chair Perferendis;12/01/2025;1;47932.25;East;10323.79;0
Women's Wear In;05/10/2024;4;47902.8;East;3219.93;15
Spices Voluptates;06/06/2024;2;47897.1;East;6336.05;5
Bed Ab;02/05/2025;1;47875.5;North;3040.78;20
Smartwatch Ipsa;16/10/2023;2;47874.3;East;7675.19;10
Perfume Temporibus;03/05/2024;1;47840.55;East;10518.95;0
Non-Fiction Veniam;06/04/2024;1;47826.9;West;8928.09;15
Doll Cumque;01/09/2024;5;47825;South;3407.88;0
Dumbbells Est;09/08/2025;4;47757.6;West;5779.82;5
Rice Id;17/03/2024;1;47753.1;East;6951.29;5
Kids Wear Eaque;22/09/2025;4;47734.4;South;2733.52;5
Shoes Temporibus;26/06/2024;4;47732;North;3951.61;10
Perfume Soluta;23/01/2025;2;47648;North;4557.06;10
Cushion Mollitia;30/06/2024;1;47514.6;East;6504.81;0
Microwave Laborum;10/04/2024;1;47498;North;5045.01;20
Shoes Consectetur;11/12/2023;1;47489;North;5911.72;0
Accessories Natus;16/06/2025;4;47480.4;East;10986.33;15
Fiction Praesentium;10/06/2024;5;47464;South;9468.61;15
Vase Impedit;22/04/2025;2;47452.8;East;9367.87;10
Chair Iure;04/06/2025;1;47448.8;East;3559.85;10
Non-Fiction Perspiciatis;23/12/2023;1;47356.55;East;9849.56;15
RC Car Ea;28/02/2025;2;47256;South;2858.72;0
Bed Labore;15/12/2024;1;47255.2;West;10613.84;5
Laptop Itaque;23/12/2024;1;47252.7;East;9975.16;20
Accessories Porro;20/02/2025;2;47178;East;10817.85;5
Headphones Ipsum;14/10/2023;1;47166;East;11645.09;10
Vase Minus;16/10/2023;2;47163.2;South;8201.57;0
Cricket Bat Culpa;18/01/2025;1;47150.35;West;6828.73;20
Shampoo Delectus;06/06/2024;1;47149.5;West;4279.38;5
RC Car Quaerat;05/06/2025;2;47139.2;North;5968.35;15
Fiction Dicta;27/07/2024;3;47097;East;11281.88;15
Spices Cum;03/09/2025;3;47052.9;West;10506.97;15
Shoes Voluptate;25/08/2025;1;47006.7;South;10277.79;20
Women's Wear Ducimus;15/08/2025;1;46976.8;North;8783.09;5
RC Car Quis;01/07/2025;4;46937;West;8046.75;10
Camera Atque;29/07/2025;4;46926.2;South;8284.81;15
Shoes Ex;10/06/2025;1;46856.85;South;8144.1;10
Tennis Racket Itaque;06/08/2024;1;46826;North;8219.73;20
Men's Wear Nobis;11/05/2024;1;46795.1;North;11139.37;15
Non-Fiction Quam;02/07/2024;1;46733;South;3796.47;10
Sugar Dicta;29/10/2023;4;46692.2;West;10966.25;20
Laptop Ducimus;07/12/2024;2;46673.5;East;9053.75;20
Rice Nemo;27/01/2024;2;46642.9;West;7201.41;15
Vase Nisi;16/09/2024;1;46638;East;5597.32;10
Clock Quia;16/07/2025;1;46636.1;East;5628.13;15
Refrigerator Numquam;02/03/2024;1;46607.4;South;3538.39;5
Foundation Blanditiis;02/01/2024;2;46580.4;North;9344.05;20
Wheat Provident;03/08/2024;1;46565.55;East;3984.69;20
Smartwatch Adipisci;02/10/2024;1;46532.9;North;5585.85;0
Shoes Dolores;19/10/2023;2;46475.2;West;7880.96;20
Sugar Architecto;25/08/2025;4;46447.2;East;9734.3;15
Lamp Dolore;04/11/2023;1;46443.6;South;2449.72;10
Vase In;30/07/2025;1;46437.2;South;6423.32;10
Women's Wear Fugiat;28/09/2024;1;46429;West;8711.49;15
Women's Wear Ullam;16/01/2025;1;46381.5;South;11111.12;15
Accessories Dignissimos;07/11/2023;4;46377.6;North;5361.11;5
Kids Wear Tempora;29/09/2024;1;46366.2;East;11129.47;5
Cookware Set Voluptatem;07/04/2025;1;46245.05;West;3298.12;0
Chair Labore;13/04/2025;2;46242;South;7892.02;0
Mobile Rem;07/05/2025;1;46161;South;4933.65;0
Lamp Quasi;25/03/2025;5;46040;North;4126.8;5
Comics Unde;22/01/2024;1;46037.7;North;7591.8;5
Yoga Mat Vel;10/01/2025;1;46036;West;9505.54;0
Yoga Mat Molestiae;06/05/2024;1;46034.1;East;3886.96;15
Biography Repudiandae;28/01/2025;1;46017;North;11480.17;5
Non-Fiction Aliquid;10/10/2023;1;45990.4;West;10796.45;10
Wheat Consequuntur;07/01/2025;2;45981;East;9818.01;5
Dumbbells Fugiat;27/06/2024;2;45873.6;East;7741.13;0
Mobile Mollitia;04/03/2025;1;45834.55;North;5791.38;10
Action Figure Tempora;03/03/2024;2;45770.4;West;5337.42;20
Rice Reiciendis;31/05/2025;2;45757.8;West;3710.15;20
Lamp Illo;03/08/2025;4;45667.2;South;7422.94;0
Action Figure Eius;14/09/2025;1;45651;West;10393.56;5
Rice Tempora;22/07/2025;5;45625.5;West;8977.77;10
Cookware Set Hic;24/07/2024;3;45534.45;West;7330.64;0
Lamp Autem;19/10/2024;1;45513;South;7593.86;15
Shoes Sapiente;16/05/2024;4;45505.6;West;5533.46;5
Dumbbells Assumenda;11/11/2024;3;45494.55;East;9243.25;20
RC Car Exercitationem;26/11/2024;4;45434.2;East;9134.44;20
Sugar Quaerat;20/12/2023;1;45377;South;4593.33;0
Vase Facilis;24/10/2024;1;45349.2;East;8772.64;20
Vase Illo;27/01/2024;1;45271.85;West;3147.15;15
Shampoo Eligendi;05/06/2025;3;45222.3;East;8661.13;10
Spices Hic;03/03/2024;5;45215.25;West;3432.86;15
Accessories Repellat;03/09/2025;1;45175.8;East;4358.3;15
Doll Hic;23/11/2024;3;45148.8;West;2803.69;10
Vase Exercitationem;23/05/2025;2;45096;West;4335.11;0
Vase Delectus;23/07/2024;2;45086.4;South;6500.55;5
Puzzle Placeat;01/08/2024;3;45081.45;West;2373.83;0
Foundation Aut;04/04/2024;1;45068.7;South;6665.96;15
Cabinet Ratione;05/08/2025;1;45039;East;5713.33;20
Kids Wear Quo;19/01/2025;1;45033.3;East;9050.04;0
Football Quam;15/11/2023;1;45014.4;North;5198.44;5
Tennis Racket Exercitationem;24/02/2025;1;44965.4;West;10363.14;5
Shoes Velit;07/08/2025;5;44958.75;West;5743.24;0
Bed Et;24/03/2025;4;44824.8;East;3161.52;15
Face Cream Unde;22/01/2024;2;44816.4;East;8961.81;5
Microwave Provident;29/11/2023;3;44811.9;West;5527.72;20
Lamp Aperiam;18/06/2025;5;44810;North;3098.29;5
Sugar Qui;07/01/2024;1;44779;South;9489.13;10
Wheat Possimus;17/08/2024;5;44778.25;West;4569.89;0
Wall Art Sequi;20/05/2024;3;44769;West;3643.06;20
Biography At;25/08/2025;3;44742.15;South;3936.49;10
Women's Wear Minima;19/11/2024;3;44737.2;North;9603.14;20
Non-Fiction Quo;10/07/2025;1;44736.45;South;10667.21;10
Women's Wear Quia;06/09/2025;1;44731.25;North;7996.6;0
Face Cream Numquam;30/01/2025;2;44729.6;South;4589.92;20
Cookware Set Nulla;02/04/2025;1;44726.4;East;9396.33;5
Sugar Quam;01/01/2025;1;44724;South;11011.43;0
Vase Occaecati;26/02/2025;2;44681.4;South;7182.14;5
Bed Ipsa;18/07/2025;1;44667;West;3531.27;15
Kids Wear Repellat;10/11/2024;1;44662.4;North;7164.6;10
Textbook Accusamus;24/09/2025;2;44625.6;West;3583.18;10
Fiction Eos;17/05/2024;1;44617;North;8399.67;20
Lamp At;06/08/2025;1;44614.85;South;3061.39;0
Shampoo Corporis;14/08/2024;5;44608;West;7827.98;15
Lamp Vitae;03/04/2024;5;44607.25;East;10310.86;20
Doll Magni;31/01/2025;1;44599.5;South;2415.37;10
Biography Unde;03/03/2025;1;44583;North;3093.02;0
Mixer Grinder Quis;06/09/2025;1;44528.8;West;7784.21;20
Board Game Sequi;02/06/2025;2;44480;East;8602.03;0
Lamp Non;13/04/2024;3;44468.55;East;4365.28;15
Cabinet Ratione;19/10/2023;2;44440;West;2544.88;0
Wall Art Facilis;06/06/2025;2;44412.8;North;6884.37;15
Table Neque;10/05/2024;1;44387.2;South;4378.87;0
Biography Nihil;18/10/2024;3;44367;West;6707.02;15
Men's Wear Sapiente;24/07/2024;4;44330.8;West;8976;15
Lamp Aliquid;27/07/2024;3;44234.85;South;10642.43;10
Shoes Sint;30/10/2024;2;44212;West;2947.03;20
Tennis Racket Debitis;15/10/2024;5;44199;North;7158.43;5
Cricket Bat Iure;06/10/2024;3;44081.85;East;5764.54;10
Textbook Distinctio;22/02/2024;2;44076.6;North;5989.51;10
Juicer Odio;02/11/2023;1;44045.8;East;8913.87;20
Accessories Eveniet;12/04/2024;2;43891.9;South;6699.61;5
Foundation Quod;13/07/2025;1;43882.2;South;5422.94;15
Biography Enim;03/09/2024;2;43850.1;East;8029.78;0
Biography Eaque;20/05/2024;1;43784.35;North;2675.16;15
Sugar Itaque;22/08/2025;1;43773.3;East;6145.9;5
Women's Wear Sapiente;23/09/2024;1;43772.4;North;5426.96;10
Headphones A;11/03/2024;3;43747.5;North;8556.76;5
Mobile Nesciunt;09/02/2025;1;43728;North;7215.95;15
RC Car Doloremque;11/12/2024;2;43644;East;2349.3;15
Bed Reprehenderit;25/11/2023;1;43572.7;South;4384.18;0
Doll Ab;07/12/2023;1;43556.55;North;6661.28;5
Shoes A;11/04/2025;1;43547;East;2179.9;20
Sugar Temporibus;26/11/2024;2;43516;West;5432.05;5
Cookware Set Non;13/09/2024;2;43510;East;9155.47;10
Cabinet Voluptate;17/01/2024;4;43462.2;West;10139.55;20
Bed Reprehenderit;13/12/2024;3;43457.1;North;10061.05;0
Shampoo Numquam;03/05/2025;1;43440.1;East;8398.69;10
Mobile Ea;31/08/2024;1;43437;North;8393.7;0
Lipstick Atque;02/10/2024;2;43432.1;West;8765.28;10
Shampoo Minus;27/10/2024;1;43412.4;East;2964.82;20
Bed Dolores;31/03/2025;1;43391.2;North;9542.63;10
Kids Wear Voluptatem;27/03/2024;1;43378;West;3355.11;0
Shoes Numquam;19/03/2025;2;43376;West;6948.92;20
Face Cream Libero;22/03/2024;1;43357.65;East;8234.38;20
Puzzle Veniam;04/11/2024;1;43338.95;East;8702.4;15
Headphones Minus;18/10/2023;1;43326;North;8066.39;15
Smartwatch Optio;11/08/2025;1;43318;South;6694.07;0
Refrigerator Unde;11/07/2024;1;43259;East;9079.95;15
Shoes Ipsam;10/03/2024;1;43242.4;North;6551.31;10
Face Cream Dolor;03/09/2025;5;43190;North;8297.77;20
Non-Fiction Temporibus;13/08/2024;4;43139.2;South;10455.61;5
Rice Dolores;23/06/2024;4;43095.8;East;8319.61;20
Headphones Numquam;01/04/2024;4;43020;West;10232.69;10
Foundation In;01/11/2024;2;42935.4;North;7885.48;20
Textbook Laborum;20/08/2025;5;42910;West;8443.73;20
Kids Wear Molestiae;04/04/2025;5;42902;East;9026.75;20
RC Car Omnis;05/03/2025;1;42880.8;West;6261.54;20
Chair Adipisci;18/06/2024;1;42844;West;6579.6;20
Football Ex;11/08/2024;2;42798.4;South;5163.93;5
Mobile Rem;03/07/2025;1;42785.1;South;7439.24;5
Wall Art Similique;13/02/2025;4;42738;South;5354.37;15
Laptop Maxime;22/12/2024;1;42597;East;9898.51;0
Cricket Bat Est;28/03/2025;4;42576;South;9423.41;15
Mixer Grinder Autem;01/03/2025;5;42565.5;South;6062.98;10
Kids Wear Sint;11/07/2025;3;42492.6;East;6677.88;0
Vase Asperiores;12/09/2024;1;42439.65;East;7282.38;5
Cookware Set Consequuntur;03/08/2024;3;42358.05;North;8427.91;0
Clock Officia;26/09/2025;5;42325;West;8053.7;0
Fiction Repudiandae;31/03/2025;5;42313;North;10413.13;15
Lamp Fugit;15/09/2025;4;42292.8;East;7894.7;5
Wheat Neque;02/10/2024;4;42228;East;8366.99;0
Shoes Quia;27/06/2024;3;42199.2;North;2794.58;20
Headphones Deserunt;18/11/2024;1;42151.2;South;7150.82;20
Cricket Bat Neque;15/02/2024;4;42118.4;South;4400.09;0
Doll Laboriosam;02/07/2025;1;42106.45;East;9925.12;10
Microwave Molestiae;01/06/2025;5;42104.75;South;9512.34;20
Table Tenetur;18/04/2025;4;42073.6;North;2289.72;20
Bed Recusandae;23/02/2025;2;42058.4;North;7357.3;20
Foundation Veniam;11/12/2023;3;41993.1;West;4879.04;20
Chair Blanditiis;05/01/2024;1;41990.85;East;3247.74;20
Tennis Racket Quos;16/04/2025;1;41834.7;West;7938.5;10
Spices Incidunt;10/11/2023;1;41768.1;East;2494.26;5
Mobile Officiis;23/09/2024;1;41693.6;East;9104.77;0
Mobile Voluptatibus;20/09/2024;3;41684.1;South;6431.43;5
Tennis Racket Doloremque;09/10/2024;2;41674;East;10172.62;0
Smartwatch Illo;17/12/2024;4;41604;South;6951.29;10
Cookware Set Esse;07/05/2024;4;41542.4;West;9694.35;0
Headphones Laboriosam;09/12/2024;2;41542.2;South;3033.07;15
Wall Art Vitae;13/01/2025;2;41517;West;9030.97;0
Fiction Reprehenderit;08/04/2025;1;41472;East;5203.63;20
Table Tenetur;13/11/2024;1;41459.6;North;9356.05;20
Oil Optio;07/02/2024;3;41301.9;West;5876.6;20
Headphones Voluptas;20/04/2024;2;41292.7;South;9099.24;15
Non-Fiction Incidunt;19/07/2024;1;41281.1;South;5691.51;0
Wall Art Tempora;11/02/2024;1;41225;South;3090.96;15
Puzzle Voluptatem;27/04/2025;1;41223.3;West;2711.47;15
Yoga Mat Aliquam;28/07/2024;2;41202.9;West;9968.91;5
Refrigerator Adipisci;02/12/2023;4;41168;North;9097.57;10
Football Similique;15/09/2025;1;41152.8;West;6785.95;15
Perfume Molestiae;17/10/2024;2;41126.4;West;3162.9;0
Table Rem;24/05/2024;2;41121.3;North;7523.56;0
Vase Inventore;31/12/2023;3;41115.6;West;5351.37;15
Microwave Itaque;28/10/2024;3;41099.4;North;6307.49;15
Spices Eveniet;01/02/2024;1;41095.8;North;6503.35;5
Cookware Set Esse;02/04/2024;1;41038.2;West;8831.35;0
Men's Wear Recusandae;02/05/2024;3;41023.8;West;3097.88;10
Refrigerator Libero;16/11/2023;5;40959;West;7785.75;20
Lamp Libero;18/02/2024;3;40881.6;South;4186.91;10
Tennis Racket Commodi;07/04/2025;1;40865.4;North;7964.53;15
Clock Doloribus;13/06/2025;5;40837.5;North;3607.38;15
Wall Art Ipsa;16/08/2024;1;40814;East;7510.69;5
Action Figure Atque;11/12/2023;2;40803.2;North;3958.24;20
Shampoo Facilis;09/06/2024;3;40764;West;8950.88;10
Juicer Reiciendis;14/06/2024;1;40736.95;North;3037.21;20
Non-Fiction Recusandae;25/12/2023;2;40734.4;West;3772.6;15
Face Cream Earum;09/04/2025;1;40716;North;2991.43;5
Perfume Rerum;04/05/2024;5;40698;East;3935.7;15
Refrigerator Molestias;09/03/2025;1;40664;East;6427.61;10
Chair Magnam;15/08/2024;2;40663.8;West;6341.66;5
Face Cream Corrupti;06/07/2024;1;40658.4;West;6267.87;15
Wall Art In;19/05/2024;1;40613.4;West;9732.55;15
Bed Officiis;07/09/2024;1;40468.5;East;3617.94;20
Oil Voluptates;15/10/2024;1;40378.4;North;4711.95;10
Board Game Impedit;11/06/2024;1;40367.35;North;7957.7;0
Mixer Grinder In;29/08/2025;2;40354;West;7568.53;0
Oil Quibusdam;20/07/2025;4;40352;North;7659.18;20
Foundation Asperiores;16/12/2024;1;40352;North;6953.96;0
Non-Fiction Commodi;04/03/2024;4;40338;South;6759.61;0
Action Figure Quidem;29/01/2024;2;40320.6;North;7534.24;10
Football Totam;07/11/2024;1;40312;North;6247.19;20
Vase Occaecati;26/09/2024;4;40308;North;4785.62;15
Comics Doloribus;01/05/2024;4;40284.8;East;4654.18;20
Non-Fiction Deleniti;05/06/2025;1;40279.2;West;3223.81;10
Cushion Harum;12/04/2025;3;40278.6;South;3872.57;15
Mixer Grinder Officia;29/10/2024;3;40274.7;East;4036;5
Textbook Dicta;05/01/2024;3;40267.65;North;3018.97;20
Doll Quia;23/10/2023;2;40223;East;5390.61;0
Microwave Neque;11/03/2025;1;40115.75;North;4506.67;15
Biography Sint;22/11/2024;4;40089.4;East;8210.41;10
Comics Inventore;10/08/2025;4;40088;East;7333.16;15
Refrigerator Enim;25/08/2024;2;40048.2;North;6850.89;5
Yoga Mat Adipisci;13/05/2024;1;40041.6;South;7720.35;10
Sugar Aliquam;07/05/2024;1;39994.2;West;6682.85;10
Table Similique;23/02/2024;3;39927.9;South;3738.65;15
Juicer Quas;09/04/2024;3;39904.95;South;4009.82;15
Perfume Labore;30/07/2024;4;39865.8;West;4993.71;0
Doll Veniam;10/03/2024;5;39852;East;2346.71;10
Kids Wear Sunt;15/07/2025;1;39805.5;East;8586.35;15
Dumbbells Soluta;15/06/2024;3;39789.6;East;4240.62;0
Spices Dolor;06/01/2024;1;39768;North;5767.62;5
Wheat Adipisci;07/10/2024;3;39762.15;West;7621.68;20
Chair Illum;14/07/2024;1;39728;North;3975.66;20
Headphones At;11/12/2024;1;39677.15;North;9112.81;15
Perfume Nobis;12/08/2025;3;39672;East;8920.68;5
Biography Voluptates;23/07/2024;2;39654.4;East;3688.29;10
Accessories Dolor;04/07/2024;1;39630.4;East;8600.88;20
Puzzle Delectus;23/06/2024;1;39627.35;West;2407.96;20
Chair Adipisci;04/01/2024;1;39605.4;North;3175.72;10
Comics Impedit;26/01/2024;1;39595;East;2517.44;5
Lipstick Omnis;27/05/2024;4;39576;West;6562.33;10
Cookware Set Vel;30/01/2024;1;39541;East;3941.94;10
Mobile Laboriosam;02/01/2024;1;39523.3;East;4002.98;20
Football Nemo;24/09/2025;3;39508.8;East;5277.87;0
Cricket Bat Nisi;10/07/2024;1;39461;North;6204.78;15
Table Soluta;06/09/2024;1;39397;South;8560.42;15
Face Cream Debitis;07/05/2025;1;39337.6;North;2154.99;15
Lamp Commodi;12/07/2024;1;39330.4;South;9394.41;15
Face Cream Occaecati;11/12/2024;1;39304;North;9687.57;15
Microwave Et;06/05/2024;2;39185.6;West;4905.32;5
Rice Neque;18/08/2025;3;39087.9;North;2939.6;0
Mixer Grinder Quod;04/10/2023;1;39026;North;6959.45;0
Juicer Minima;22/01/2024;1;38993.6;East;2500.78;0
Table Consequuntur;23/02/2025;1;38989.5;North;5105.08;20
Yoga Mat Esse;16/08/2024;1;38977;North;3631.24;5
Foundation Dolorem;31/03/2024;5;38907.25;West;9434.86;0
Microwave Corrupti;03/08/2024;2;38902.8;East;4447.38;15
Rice Adipisci;08/02/2024;1;38881;North;4094.1;5
Mixer Grinder Harum;26/04/2025;3;38836.95;West;5439.11;0
Puzzle Eum;23/05/2024;3;38767.2;South;6541.99;0
Biography Quaerat;18/01/2024;1;38752.2;North;3808.71;0
Men's Wear Repudiandae;17/01/2025;5;38605;West;2916.53;0
Mixer Grinder Cumque;21/02/2025;2;38599.2;North;6237.98;5
Refrigerator Reprehenderit;01/12/2024;1;38595.2;North;2284.8;20
Action Figure Distinctio;21/04/2024;2;38484;North;9220.31;10
Spices Quam;04/03/2025;4;38464;South;7110.4;5
Spices Sequi;12/01/2024;2;38377.8;West;2823.86;20
Sofa Labore;07/10/2023;4;38345.2;North;5987.63;5
Oil Magnam;04/09/2024;1;38343.5;East;2514.48;10
Vase Beatae;05/05/2024;1;38335.5;West;8363.79;15
Board Game Modi;23/05/2025;4;38334.4;East;3468.32;20
Football Architecto;14/05/2025;1;38327.75;East;7592.64;20
Tennis Racket Harum;29/12/2023;3;38316;East;8371.34;15
Board Game Impedit;17/01/2024;2;38307.8;East;4196.91;0
Oil Debitis;02/12/2024;1;38281.5;South;7875.97;20
Juicer Distinctio;20/01/2025;3;38222.4;East;5453.06;5
Puzzle Doloribus;27/02/2025;2;38162;North;5166.01;15
Comics Aperiam;02/11/2023;1;38159.2;East;8535.56;20
Women's Wear Maiores;25/03/2025;3;38142.9;East;5554.72;5
Cricket Bat Necessitatibus;10/09/2024;1;37990.75;North;3808.67;15
Spices Vero;17/12/2024;2;37916;West;2905.37;15
Perfume Optio;18/10/2023;1;37840.8;East;2687.34;20
Cricket Bat Distinctio;01/01/2024;3;37840.8;North;8626.75;10
Oil Delectus;06/04/2024;3;37821.6;South;9189.21;20
Bed Eius;28/09/2024;1;37815.2;South;3812.6;15
Yoga Mat Incidunt;02/11/2024;1;37775.2;East;6868.87;10
Cookware Set Aliquam;17/07/2025;1;37724.4;East;2453.6;5
Sugar Ratione;12/03/2025;2;37722.6;East;3664.09;10
Football Iste;26/04/2025;1;37690.2;North;2498.5;10
Perfume Animi;15/01/2025;5;37593;South;8319.15;15
Comics Perferendis;25/05/2025;3;37418.4;East;2570.79;15
Camera Vitae;08/06/2024;1;37356.8;East;9098.45;15
Lipstick Quod;04/07/2024;1;37337.6;West;6223.77;20
Rice Ut;27/05/2025;1;37328.8;West;4374.15;15
Wheat Placeat;08/11/2023;2;37308.6;West;4497.49;20
Table Error;23/07/2025;2;37302.4;South;6239.05;10
Wheat Accusantium;09/05/2024;2;37210;North;3316.1;20
Wall Art Earum;16/02/2024;1;37200;South;7575.46;10
Cricket Bat Cumque;06/12/2024;1;37192.5;South;4467.92;15
Cricket Bat Dignissimos;27/01/2025;1;37181;North;7137.9;10
Mobile Aut;08/10/2023;4;37171.2;West;7036.45;20
Refrigerator Animi;27/05/2024;3;37144.05;North;3705.77;15
Women's Wear Exercitationem;26/09/2024;2;37080;East;6557.49;20
Comics Voluptate;15/09/2025;2;37063.3;North;4904.89;0
Spices Debitis;30/03/2025;4;37059.2;East;2250.55;0
Cookware Set Distinctio;15/09/2024;2;37044.8;South;4078.17;0
Biography Repellat;11/01/2025;1;37022.4;North;3189.47;5
Biography Molestias;17/01/2025;1;36987.75;East;3373.19;20
Camera Placeat;27/05/2025;3;36987.3;South;7150.94;20
Biography Non;28/07/2024;5;36970;North;4223.29;15
Men's Wear Dolor;10/04/2025;3;36931.2;South;2055.42;20
RC Car Ex;10/09/2024;2;36825.6;East;5468.42;20
Tennis Racket Quos;26/11/2024;2;36822.4;South;4280.54;20
Laptop Doloremque;18/02/2025;1;36632;East;6295.03;5
Cricket Bat Omnis;10/10/2024;1;36533.6;West;5789.05;10
Foundation Praesentium;12/05/2025;1;36498.05;East;4523.75;20
Refrigerator Magni;28/12/2024;1;36481.15;North;3113.28;15
Rice Enim;01/03/2024;4;36444.6;East;8507.34;5
Tennis Racket Sed;20/12/2023;1;36420.8;East;6430.25;10
Cushion Iste;26/03/2024;1;36402.1;East;2870.15;5
Face Cream Doloribus;22/11/2023;2;36391.9;East;6661.9;15
Textbook Nihil;08/08/2024;1;36378.9;South;8474.64;0
Cookware Set Ut;24/01/2025;1;36369;East;3559.44;20
Wall Art Reprehenderit;13/11/2024;2;36324.8;North;3116.14;20
Refrigerator Deleniti;17/10/2024;1;36304.2;North;5994.44;15
Vase Porro;30/03/2025;1;36266;North;4748.85;10
Mobile Aspernatur;28/11/2024;3;36207;South;7151.36;5
Board Game Autem;30/11/2023;3;36146.4;East;5293.31;10
Accessories Eligendi;15/12/2024;5;36038.25;North;2277.92;0
Kids Wear Quo;24/01/2025;2;36032.4;North;3694.09;0
RC Car Veritatis;04/08/2025;3;36016.8;East;6971.28;5
Football Voluptatibus;26/05/2025;1;35925.6;West;8102.37;0
Camera Perspiciatis;21/12/2024;3;35901.9;West;4003.9;10
Accessories Qui;03/03/2025;5;35886.25;South;7789.32;5
Juicer Corporis;23/10/2024;1;35884.8;West;7383.66;5
Cushion Non;12/03/2025;5;35876.75;West;4975.16;0
Refrigerator Illo;06/10/2024;1;35866.4;East;3599.51;10
Doll Impedit;19/05/2025;1;35844.45;West;5051.94;20
Lipstick Eaque;15/04/2025;1;35837.7;East;7827.5;5
Juicer Modi;05/12/2023;1;35834.95;South;6612.44;0
Wall Art Facere;09/07/2025;2;35824.5;East;6705.89;5
Perfume Illo;28/10/2024;1;35762.75;West;5645.31;10
Yoga Mat Ipsam;01/12/2024;2;35761.2;South;4486.39;0
Cricket Bat Modi;06/09/2024;1;35699.2;East;4378.39;20
Shoes Ipsam;16/08/2024;1;35675;East;3406.84;5
Lipstick Cum;02/06/2025;3;35673;North;4355.04;5
Non-Fiction Suscipit;20/07/2025;2;35672.8;South;2566.54;5
Laptop Recusandae;22/11/2024;3;35658;North;5755.32;20
Lipstick Deleniti;15/05/2024;5;35655;North;1891.89;0
Rice Velit;15/03/2024;2;35613;North;8243.9;15
Football Occaecati;27/03/2025;4;35564.8;North;6332.35;5
Lamp Numquam;21/05/2024;2;35560;North;2233.93;20
Laptop Adipisci;16/11/2024;1;35556.6;West;2974.74;15
Shoes Impedit;24/08/2025;2;35495.8;North;5321.86;15
Cabinet A;21/10/2024;1;35492.8;North;8735.61;0
Wall Art Laboriosam;04/08/2024;2;35492.8;North;2737.71;15
Vase Consectetur;08/02/2024;2;35484.8;West;8739.15;10
Sofa Mollitia;28/03/2025;2;35460.3;West;2967.13;15
Wall Art Laborum;04/12/2024;2;35422;East;7166.34;0
Camera Dolore;02/10/2024;1;35421.7;West;1775.71;15
Bed Tempora;13/03/2024;1;35237;East;7954.51;0
Vase Perferendis;02/07/2025;2;35183.2;East;6698.47;15
Kids Wear Ex;17/04/2024;2;35159.5;North;7772.96;20
Fiction Aliquid;26/10/2024;1;35115.2;South;4820.48;10
Biography Nesciunt;04/06/2024;1;35051.45;East;8215.55;20
Rice Voluptatem;11/04/2025;3;35020.8;North;6311.7;20
Comics Minima;29/08/2024;4;34996.2;West;8622.7;20
Board Game Rerum;09/08/2024;1;34958.1;South;5736.12;20
Doll Accusamus;21/01/2024;2;34876.8;West;2317.16;15
Foundation Expedita;26/06/2024;1;34850;West;4658.1;15
Spices Minus;26/01/2025;1;34807.5;East;4722.05;5
Table Aliquam;25/02/2025;5;34803.25;North;3478.24;5
Textbook Quibusdam;05/09/2024;1;34790.4;East;7099.43;10
Lipstick Esse;06/03/2025;3;34764.15;North;8080.86;20
Chair Dolor;18/12/2024;1;34729.2;North;2648.1;5
Headphones Ut;06/09/2024;2;34698.6;West;8270.92;15
Laptop Laboriosam;04/09/2025;5;34689.25;West;4141.36;5
RC Car Aliquid;04/03/2024;1;34674.05;South;4909.35;20
Biography Explicabo;30/05/2025;1;34648.8;East;8176.88;5
Sofa Corrupti;11/06/2024;1;34587;South;3263.59;0
Fiction Consectetur;09/08/2024;5;34569;East;3215.4;10
Tennis Racket Laudantium;04/01/2025;1;34538;South;8013.12;15
Smartwatch Voluptate;13/03/2025;4;34509.6;East;6229.45;10
Oil Hic;27/07/2024;1;34488;North;6757.01;0
Oil Mollitia;14/04/2024;2;34473.6;South;1899.24;0
Dumbbells In;09/11/2024;1;34451.2;South;3380.14;15
Clock Impedit;29/01/2024;1;34406.4;South;1761.39;20
Football Temporibus;16/04/2025;2;34401.6;North;6928.02;10
Mixer Grinder Asperiores;27/07/2025;2;34358.7;North;4217.07;15
Yoga Mat Enim;31/07/2024;3;34350;North;2832.81;0
Lipstick Quis;15/12/2024;4;34319.6;South;3825.12;5
Cookware Set Minus;27/11/2024;1;34273.8;South;2233.56;15
Lipstick Veniam;08/04/2025;2;34232.9;West;5035.26;5
Clock Sed;01/01/2025;3;34217.1;North;5127.74;20
Biography Deserunt;04/05/2025;2;34193.8;South;7109.46;0
Women's Wear Deleniti;07/07/2024;2;34173.4;East;5003.95;10
Clock Saepe;13/10/2023;2;34171.7;North;6720.07;15
Foundation Aperiam;23/05/2024;1;34143.65;North;7509.28;10
Cookware Set Culpa;25/11/2024;1;34130.9;West;3337.32;5
Laptop Consectetur;09/05/2024;1;34074;South;3206.88;10
Sugar Iusto;17/07/2025;1;33952.4;East;7336.34;5
Shampoo Blanditiis;27/11/2024;1;33842.8;North;2891.98;20
Camera Quos;07/10/2024;1;33841.05;East;6866.96;5
Sofa Aperiam;24/05/2025;1;33833.3;East;8035.97;15
Non-Fiction Magni;26/11/2023;1;33779.7;East;6446.48;15
Rice Nemo;30/08/2025;1;33732;East;6299.66;15
Foundation Ratione;24/09/2024;1;33717.8;South;5056.32;5
Foundation Deleniti;25/02/2025;2;33626;West;4094.23;5
Cushion Quis;01/04/2025;1;33613.25;North;4294.42;15
Dumbbells Quas;23/01/2024;1;33580.8;South;5185.12;0
RC Car Enim;30/07/2025;1;33552.8;South;6368.27;20
Dumbbells Amet;01/04/2025;1;33530.4;North;2572.22;0
Wall Art Dicta;24/06/2024;1;33515.1;East;4856.29;5
Foundation Reiciendis;15/05/2024;2;33504;South;6526.84;20
Spices Dolorem;14/03/2025;1;33503.65;East;1998.5;15
Shoes Deleniti;28/04/2024;1;33485;North;6131.25;5
Shampoo Labore;22/10/2023;5;33468.75;East;7825.74;10
Fiction Officia;29/06/2024;1;33460.25;West;5680.94;5
Refrigerator Maiores;01/03/2025;1;33407.7;North;8346.55;5
Action Figure Enim;07/04/2024;1;33337.85;South;2238.25;10
Sugar Et;10/06/2024;5;33328.5;East;7452.92;10
Vase Tenetur;04/03/2025;1;33317;East;1943.4;20
Action Figure Magni;13/08/2024;2;33288;West;7421.63;15
Cushion Odio;25/08/2024;1;33273;East;1722.63;20
Microwave Aperiam;30/01/2025;4;33261.4;East;4190.2;20
Shampoo Dolorem;29/08/2024;1;33241.45;North;2305.27;20
Laptop Ab;02/04/2024;1;33216;West;2899.83;10
Cricket Bat Officiis;14/01/2025;3;33180.3;East;3695.39;0
Microwave Quasi;02/06/2024;4;33156;East;6814.28;10
Puzzle Quibusdam;21/06/2025;2;33129;North;4297.91;10
Sugar Dolor;27/03/2025;1;33125;South;6898.31;20
Biography Repellat;17/08/2024;3;33091.2;East;2875.01;10
Juicer Nostrum;28/09/2025;2;33039.1;West;6916.9;0
Wall Art Maxime;19/04/2024;1;33011.55;South;6553.35;5
Textbook Voluptatem;05/06/2024;5;32989.5;South;1892.49;5
Smartwatch Sapiente;21/08/2024;2;32954;North;5042.66;15
Microwave Quas;12/08/2025;1;32949.4;North;2584.71;5
Lipstick Doloribus;21/04/2024;1;32944.8;North;2156.95;10
Vase Quas;21/06/2024;1;32903;East;7497.82;5
Wall Art Error;29/04/2024;3;32888.7;East;7503.84;5
Cricket Bat Doloremque;19/06/2025;1;32883.1;West;6950.81;0
Mixer Grinder Labore;16/10/2023;3;32875.2;West;5197.07;10
Women's Wear Officiis;22/02/2024;1;32849.1;North;3885.53;0
Vase Vel;03/06/2025;2;32827.2;West;5810.64;0
Comics Omnis;16/06/2025;4;32800;East;4222.2;5
Mobile Itaque;17/04/2025;3;32766;West;5368.42;0
Women's Wear Delectus;26/10/2024;4;32734.8;East;4322.02;10
Chair Perferendis;12/04/2024;4;32720;East;2779.92;0
Non-Fiction Ipsa;23/05/2024;4;32700;West;6687.83;20
Spices Expedita;07/03/2025;1;32667.2;North;3700.89;20
Juicer Voluptates;18/09/2025;1;32649.6;West;3499.05;20
Doll Quis;07/11/2023;1;32638.4;West;2871.6;5
Juicer Blanditiis;28/08/2024;1;32588.1;North;7824.14;0
Women's Wear Tenetur;18/03/2024;1;32572;East;7121.48;15
Football Recusandae;19/08/2024;2;32504;East;6391.65;20
Kids Wear Saepe;27/10/2024;2;32493.6;East;2960.76;20
Bed Minus;17/08/2024;3;32413.05;South;7330.4;5
Football Natus;01/06/2024;1;32373.9;East;2879.74;15
Comics Libero;22/04/2024;3;32339.1;West;6108.21;5
RC Car Quam;22/11/2024;3;32323.8;North;4419.76;20
Tennis Racket Eos;28/01/2024;4;32262.6;North;1739.76;0
Cookware Set Quam;30/10/2023;4;32220.2;North;5866.21;10
Action Figure Impedit;11/06/2025;1;32216.8;East;2043.17;15
Wall Art Minus;07/06/2024;3;32192.1;North;7005.85;10
Headphones Sunt;24/04/2024;2;32172.8;North;2338.68;20
Refrigerator Quasi;24/04/2024;1;32007.4;North;5869.21;0
Tennis Racket Sit;12/12/2024;2;31982.1;East;6700.44;20
Sofa Nobis;05/04/2024;4;31977.6;North;2719.42;0
Juicer Repellat;23/08/2024;3;31920;East;7782.24;20
Cushion Eum;12/08/2024;4;31916;North;4814.48;10
Shoes Quo;31/12/2023;4;31845.6;North;2450.87;0
Table Ipsa;29/01/2025;5;31801.25;West;6993.66;5
RC Car Distinctio;05/10/2023;2;31787.2;North;5819.03;15
Cushion Deserunt;22/03/2024;1;31776;North;5637.75;15
Dumbbells Minus;11/12/2023;1;31770.4;East;2726.18;15
Fiction Blanditiis;20/07/2024;4;31722.4;North;1879.47;20
Mobile A;18/05/2024;1;31555;East;7762.5;20
Shoes Cum;02/03/2024;1;31528.8;East;3488.26;15
Refrigerator Maxime;13/10/2023;1;31506.95;South;2576.16;0
Textbook Repudiandae;02/08/2024;2;31392;South;1800.79;0
Football Nihil;10/06/2024;1;31383.9;West;1697.65;5
RC Car Provident;03/04/2024;4;31357.6;South;3169.65;10
Cushion Consequatur;08/10/2023;1;31347.9;East;4061.3;5
Refrigerator Doloribus;30/04/2025;4;31308.2;South;4765.02;5
Football Repellat;04/12/2023;2;31294.9;West;3532.93;15
RC Car Aperiam;28/02/2025;3;31249.8;East;5557.7;0
Oil Fuga;06/03/2024;2;31246;North;6159.83;0
Football Aliquid;16/05/2024;2;31228.8;North;1800.58;20
Action Figure Voluptas;07/08/2025;2;31203.2;South;5436.15;10
Smartwatch Perspiciatis;04/05/2025;1;31194.9;West;4803.49;20
Sofa Reprehenderit;25/07/2024;1;31183.75;East;6830.57;5
Cricket Bat Possimus;09/05/2025;1;31112.55;West;2978.71;20
Face Cream Magni;07/10/2024;1;31098.4;South;2237.46;5
Perfume Expedita;23/05/2025;1;31088;North;2696.19;0
Smartwatch Aperiam;10/05/2025;1;31082.4;South;4063.2;5
Mobile Architecto;02/09/2025;2;31028.9;East;5368.05;10
Cookware Set Nihil;07/08/2024;3;31020;West;2254.01;0
Cricket Bat Ex;14/03/2025;5;30889;East;4148.52;5
Puzzle Sint;04/04/2024;1;30881;North;7158.36;20
Lipstick Esse;24/02/2025;2;30844.6;South;6972.64;10
Rice Error;20/02/2024;3;30820.5;South;3916.08;5
Accessories Enim;30/12/2023;1;30800.9;North;3639.22;0
Microwave Illum;05/09/2024;2;30788.8;West;5286.49;15
Biography Magni;20/11/2023;1;30775.95;West;5230.85;15
Football Quos;04/01/2025;1;30752;North;1662.75;0
Board Game Accusantium;21/05/2025;1;30736.3;North;3811.01;0
Accessories Pariatur;16/01/2024;1;30735;East;1988.87;0
Face Cream Earum;27/06/2024;2;30672;North;2749.95;10
Non-Fiction Officiis;06/05/2024;1;30660;South;4219.29;5
Foundation Eos;06/05/2025;1;30657.6;West;5452.09;0
Microwave Recusandae;12/06/2024;2;30637.4;West;5909.14;5
Shoes Totam;20/01/2024;2;30586;North;6365.59;15
Men's Wear Eveniet;12/05/2025;1;30584.7;North;3316.12;15
Yoga Mat Totam;05/05/2024;3;30570;North;3680.78;5
Rice Accusantium;25/05/2025;4;30560.4;South;1975.66;10
Non-Fiction Error;05/07/2024;1;30552.8;North;5245.56;0
Sugar Rem;26/12/2024;5;30527.75;East;4948.74;0
RC Car Fugit;21/06/2024;3;30517.8;South;3486.02;20
Textbook Enim;08/12/2023;5;30495;West;5690.9;20
Non-Fiction At;11/03/2024;2;30474;West;4151.93;10
Wall Art Commodi;02/09/2024;4;30457;North;3760.9;10
Board Game Sed;29/12/2024;2;30371.5;North;5935.88;5
Mixer Grinder Illum;09/08/2024;1;30367.95;North;3259.69;20
Vase Exercitationem;09/03/2025;5;30319.25;West;6663.92;15
Foundation Ea;04/08/2024;2;30166.3;East;4820.02;5
Yoga Mat Praesentium;10/06/2025;1;30049.2;West;4246.83;15
Women's Wear Vitae;05/03/2025;1;30002.4;West;6676.76;20
Chair Dicta;25/03/2024;1;29922.55;West;7038.52;15
Dumbbells Suscipit;28/09/2024;2;29917.8;North;3077.07;15
Cabinet Illo;05/12/2024;2;29906.4;North;5380.07;20
Biography Deleniti;01/02/2024;5;29894.5;South;7348.88;0
Chair Impedit;09/09/2025;1;29842;West;2580.21;0
Men's Wear Ipsam;03/06/2024;1;29835;West;2153.01;20
Football Maiores;06/03/2025;1;29791.65;South;3805.26;0
Yoga Mat Hic;22/02/2025;1;29775.5;South;3839.4;15
Smartwatch Neque;09/09/2024;2;29769.6;South;4563.5;10
Headphones Inventore;26/01/2025;1;29745.75;East;2158.66;20
Sofa Ipsam;12/10/2024;5;29727;South;1678.8;5
Vase Recusandae;15/09/2024;3;29727;West;3132.26;20
Chair Optio;10/01/2025;1;29714.3;West;5847.67;15
Textbook Asperiores;13/08/2025;2;29649.7;South;3391.88;15
Oil Veniam;23/11/2023;2;29643.8;North;7092.75;15
Chair Ad;19/10/2024;4;29625.6;East;6047.57;15
Dumbbells Enim;06/05/2024;5;29541.75;West;6396.94;10
Camera Omnis;16/03/2025;2;29496;West;4566.37;15
Accessories Alias;26/05/2025;4;29466;West;2215.8;0
Smartwatch Voluptatibus;14/01/2024;1;29463.3;East;4461.13;0
Men's Wear Quia;02/10/2024;1;29422.8;North;5974.92;15
Mobile Facilis;10/11/2023;4;29415.6;West;5836.71;0
Juicer Debitis;25/07/2025;2;29343.6;West;5535.44;15
Cabinet Magnam;29/04/2024;1;29299.5;South;3886.88;20
Women's Wear Corporis;22/06/2024;3;29253.6;East;3541.45;20
Lipstick Quod;13/03/2024;1;29164.05;South;5598.19;20
Sugar Aspernatur;01/10/2025;1;29157;East;1887.58;5
Bed Dolorem;10/11/2023;4;29156.4;East;7080.79;10
Headphones Quo;13/03/2024;1;29130.35;West;5464.92;5
Cushion Ipsum;07/11/2023;5;29124;East;7277.61;0
Camera Quisquam;27/04/2024;3;29043.9;East;4511.66;10
Sofa Mollitia;14/11/2023;2;29036.8;South;6983.13;5
Women's Wear Sint;23/11/2023;2;28976;East;6402.08;10
Action Figure Numquam;12/05/2025;4;28908;West;3814.6;0
Fiction Aperiam;23/01/2025;4;28876;South;5234.13;0
Fiction Blanditiis;13/01/2024;3;28857.6;East;4466.64;5
RC Car Iure;24/06/2025;5;28845;South;2964.69;10
Rice Aut;08/09/2025;1;28781;North;3125.92;20
Doll Assumenda;25/02/2024;1;28703.3;East;3668.91;10
Doll Impedit;14/09/2025;2;28702.8;North;4566.92;10
Board Game Fuga;09/06/2025;4;28662.4;West;2572.04;10
Vase Eveniet;25/10/2024;1;28657.6;East;1832.41;5
Camera Doloremque;12/08/2024;1;28628.8;East;4511.67;5
Biography Quos;31/07/2025;2;28541.3;West;3394.96;0
Refrigerator Voluptatibus;22/09/2024;3;28539;North;2622.42;10
Shoes Soluta;31/03/2025;3;28401;North;4320.3;5
Action Figure Nisi;16/01/2025;4;28400.4;East;2922.43;20
Juicer Voluptatibus;02/12/2024;2;28366.2;East;5703.09;5
Refrigerator Soluta;31/12/2023;1;28355.4;West;3324.04;0
Oil Beatae;14/11/2024;2;28317.6;East;6101.14;15
Oil Sint;17/03/2025;1;28313;West;4569.04;0
Fiction Ut;31/10/2023;3;28303.35;East;5063.38;10
Textbook Delectus;05/01/2024;1;28226.4;South;3175.83;20
Kids Wear Culpa;19/09/2025;3;28197;West;1498.62;5
Juicer Error;07/02/2024;2;28128;West;3696.64;5
Wheat Distinctio;27/04/2025;2;28123.2;North;4262.28;20
Cushion Similique;12/01/2025;1;28121;West;2646.92;20
Chair Nemo;01/03/2024;1;27990.8;West;3410.14;15
Mobile Sapiente;24/06/2024;3;27957;North;5420.69;20
Juicer Provident;19/05/2024;1;27902.1;South;2176.47;20
Action Figure Repudiandae;26/08/2024;5;27890;North;1860.7;10
Laptop Quaerat;03/07/2024;3;27879.15;South;4386.09;20
Action Figure Voluptatum;13/10/2023;2;27817.6;West;6886.36;15
Clock Repudiandae;13/03/2025;1;27672.6;East;4234.91;5
Refrigerator Accusamus;05/03/2024;1;27668.8;North;4998.79;15
Cushion Fuga;13/10/2023;2;27630;South;2099.8;10
Face Cream Dicta;24/12/2024;2;27590.4;West;3553.54;20
Lamp Animi;01/10/2025;2;27579.6;West;1966.43;10
Lamp Ad;20/05/2024;3;27569.7;East;6420.7;20
Lipstick Vero;30/12/2023;3;27537.6;North;3393.77;0
Cabinet Occaecati;10/06/2025;5;27513;North;5304.31;10
Lipstick Ex;15/07/2024;2;27502.5;North;2987.04;15
Football Commodi;04/02/2025;1;27476.25;North;2496.55;5
Comics Laboriosam;11/12/2024;1;27474;North;4052.31;15
Non-Fiction In;18/04/2025;3;27470.4;East;3942.22;5
Accessories Quasi;01/09/2025;2;27422.7;West;2041.23;10
Camera Tempora;31/12/2024;1;27376;South;6620.01;5
RC Car Veritatis;14/11/2023;1;27343.85;South;6205;10
Comics Illo;22/01/2024;4;27327.6;East;4109.63;20
Kids Wear Vitae;17/01/2024;4;27318.4;West;4598.59;5
Clock Labore;08/02/2025;1;27314.4;West;6791.93;20
Face Cream Laboriosam;25/11/2024;1;27307.95;South;2029.38;15
Tennis Racket Pariatur;23/11/2024;1;27298.4;North;3135.1;0
Face Cream Odio;30/01/2024;3;27285.9;South;3775.78;10
RC Car Explicabo;10/10/2024;2;27280.8;South;6486.86;5
Biography Sint;14/09/2024;1;27223.2;East;5327.56;0
Chair Autem;28/10/2023;1;27211.2;East;5656.69;20
Table Molestias;08/11/2024;3;27184.8;West;5963.27;0
Laptop Modi;09/08/2024;3;27140.55;South;3677;20
Cricket Bat Alias;23/11/2023;4;27043.2;North;5996.3;5
Foundation Facilis;12/04/2024;1;26993.7;North;3260.77;0
Tennis Racket Animi;28/10/2023;2;26976;South;3357.06;5
Women's Wear Tenetur;24/11/2024;1;26961;East;2534.59;0
Bed Ullam;20/04/2024;3;26924.4;North;4913.49;15
Oil Optio;15/05/2024;5;26923.5;North;3448.2;20
Football Soluta;24/01/2025;3;26889;West;5701.61;5
Refrigerator Facere;21/11/2023;1;26874.45;South;1408.57;0
Microwave Vel;24/12/2023;3;26831.1;South;2162.51;20
Doll Dignissimos;01/06/2025;2;26825.6;South;6020.63;15
Sugar Reprehenderit;30/12/2024;3;26824.8;West;6147.14;10
Fiction Velit;31/08/2025;2;26824;West;3134.93;15
Table Deleniti;15/09/2025;1;26813.6;South;6696.42;5
Vase Ab;26/06/2025;4;26812.8;North;6486.74;5
Oil Laboriosam;20/08/2024;1;26778;South;4695.38;10
Shoes Natus;11/07/2024;2;26763.1;South;6185.87;10
Comics Libero;03/09/2025;1;26761.5;East;4030.7;20
Spices Fugit;20/04/2025;1;26726.55;East;6441.75;5
Oil Iste;19/11/2023;2;26681.7;South;4415.46;5
Laptop Fuga;23/08/2025;4;26661.6;East;3224.16;10
Non-Fiction Vel;26/10/2023;1;26652.6;West;4348.45;15
Juicer Aperiam;03/05/2025;1;26540.15;East;4014.05;0
Microwave Officiis;11/07/2025;3;26532;North;3837.38;15
Table Provident;12/06/2025;1;26509.6;South;2908.25;5
Dumbbells Suscipit;19/07/2024;1;26505.55;East;3839.14;20
Clock Exercitationem;06/03/2024;1;26458.8;South;3222.21;5
Chair Nesciunt;19/09/2025;2;26411.9;North;3768.47;15
Face Cream Dolores;30/09/2024;1;26366.4;North;4228.45;5
Laptop Voluptas;28/05/2024;3;26325;North;5599.31;20
Mixer Grinder Alias;22/07/2025;1;26313.6;North;6364.28;0
Comics Esse;01/06/2024;2;26309.2;North;5482.58;15
Cricket Bat Doloremque;06/03/2025;2;26198.7;North;6130.13;0
Men's Wear Natus;06/06/2025;1;26149;West;5801.64;20
Fiction Eaque;06/04/2025;1;26132;West;2268.91;20
Microwave Iste;02/03/2025;1;26063;East;4375.72;10
Bed Praesentium;31/07/2025;2;26036;South;4611.76;10
Camera Porro;11/06/2024;1;26023.5;South;1621.5;0
Microwave Voluptates;12/06/2025;5;26000;North;3546.45;10
Sugar Labore;14/02/2024;1;25956.9;West;2731.44;5
Cabinet Nobis;05/12/2023;5;25949.25;East;1306.37;10
Football Reprehenderit;21/01/2025;2;25947.2;North;4888.54;0
Wheat Tenetur;12/01/2025;2;25916;North;1946.69;5
Clock Labore;06/08/2024;1;25908.4;East;3410.62;15
Camera Laudantium;12/01/2025;3;25908;South;4060.42;15
Lipstick Deserunt;24/01/2025;1;25832.35;East;2886.23;20
Sofa Quod;21/04/2024;2;25795.8;South;2741.07;20
Accessories Eligendi;23/01/2025;1;25789.5;South;5686.13;15
RC Car Fugiat;12/01/2025;5;25785;West;3229.48;15
Cookware Set Autem;24/09/2024;4;25776;South;4745.84;10
Accessories Architecto;12/12/2023;4;25716;East;5562.16;10
Mobile Numquam;05/02/2024;2;25702;South;4306.22;20
Women's Wear Laudantium;16/06/2025;1;25700;North;2074.63;20
Table Harum;11/10/2024;2;25697.5;South;2936.71;10
Puzzle Veniam;06/12/2023;1;25673;North;5287.23;20
Lipstick Modi;15/09/2025;3;25660.8;East;2214.06;10
Tennis Racket Consequuntur;15/09/2025;3;25641;South;3075.2;10
Football Eius;27/09/2025;1;25617;North;5013.92;5
Vase Tempore;15/09/2024;3;25551;South;4355.69;20
Mobile Debitis;03/03/2025;1;25530.3;West;5463.63;0
Cushion Dicta;19/07/2025;1;25508.45;East;6049.36;10
Cricket Bat Sint;13/04/2024;1;25492.5;South;2994.68;20
Cricket Bat Sint;24/10/2024;1;25464;South;1997;0
Camera Ipsa;06/07/2025;1;25441.35;South;1419.79;10
Face Cream Repellat;10/07/2025;1;25431.3;East;3959.79;10
Bed Ipsa;16/10/2023;1;25337.7;West;1913.13;15
Laptop Aperiam;29/05/2025;2;25247.2;West;2401.94;0
Wheat Nostrum;07/04/2025;1;25202.5;South;5188.84;20
Juicer Fugit;12/08/2025;2;25198.4;South;2935.24;15
Non-Fiction Hic;27/10/2024;3;25178.4;West;1861.94;20
Smartwatch Harum;30/03/2024;1;25028.25;East;4540.3;10
Cabinet Cupiditate;19/12/2023;1;24974.1;West;2221.99;0
Dumbbells Magnam;24/05/2024;2;24944.1;East;2237.36;5
Football Molestiae;05/04/2024;3;24931.8;East;2440.9;10
Accessories Nulla;22/11/2023;2;24922;West;2430.18;20
Board Game Optio;02/06/2025;1;24822.55;South;3656.32;10
Non-Fiction Debitis;29/03/2025;3;24821.7;East;3183.42;10
Non-Fiction Modi;08/05/2025;4;24820;West;4229.35;5
Cabinet Deserunt;27/04/2025;3;24807.6;East;3715.82;15
Textbook Error;10/08/2024;1;24797.6;East;2698.76;15
Dumbbells Quaerat;18/09/2024;2;24778;East;2842.74;15
Women's Wear Odio;24/01/2024;3;24735;South;5477.11;5
Non-Fiction Doloremque;19/10/2024;1;24665.3;South;4789.24;5
Cabinet Dolor;23/09/2024;1;24655.5;North;2317.42;0
Headphones Voluptates;15/04/2025;1;24645;East;3160.6;20
Biography Nam;11/06/2024;3;24638.25;South;5116.79;0
Lipstick Accusantium;08/03/2025;4;24588.8;North;4643.94;5
Shoes Unde;11/11/2023;3;24510;West;4857.5;10
Yoga Mat Rerum;03/07/2024;1;24437.6;West;1504.09;10
Accessories Voluptatibus;02/08/2024;1;24306;West;1504.88;0
Men's Wear Aliquid;07/09/2025;3;24302.7;North;3186.17;5
Comics A;08/04/2025;3;24295.2;South;1858.6;20
Doll Assumenda;09/06/2025;2;24264;East;5938.85;10
Laptop Maxime;13/09/2025;4;24156;West;3015.79;20
Table Placeat;31/07/2025;1;24144.3;West;4041.1;5
Kids Wear Laudantium;01/08/2024;4;24120;South;3561.9;20
Cabinet Perspiciatis;15/05/2025;1;24106.85;West;2014.08;0
Smartwatch Iste;19/12/2024;2;24044.5;South;3044.58;5
Mobile Dolorem;27/09/2024;1;24001.6;South;3933.68;5
Spices Eius;11/10/2023;2;23987.2;East;3757.96;15
Oil Facere;26/04/2024;1;23921;East;5638.06;5
Bed Ut;08/09/2024;1;23913.05;East;2812.38;0
Sugar Ratione;29/01/2025;1;23907.2;South;3202.55;20
Foundation Rerum;20/10/2023;1;23904.8;East;4721.56;20
Face Cream Molestias;26/02/2025;2;23891.4;North;1916.08;20
Face Cream Harum;19/11/2023;5;23856;East;2508.49;10
Yoga Mat Sed;03/02/2024;3;23856;North;1667.57;5
Sofa Temporibus;17/06/2024;1;23826;North;5582.01;10
Cookware Set Similique;19/02/2025;1;23810.2;North;1720.57;5
Perfume Non;17/11/2023;1;23809;North;2711.17;5
Mixer Grinder Architecto;01/05/2024;1;23784.2;West;4808.18;20
Wall Art Dolores;06/01/2024;2;23765.2;West;1926.46;0
Foundation Iste;21/02/2024;1;23737.95;North;5506.37;15
Puzzle Magni;01/03/2025;2;23716;South;1920.82;10
Wall Art Quos;01/09/2025;5;23670;East;4727.76;5
Spices Minus;05/08/2025;1;23658.8;West;2127.44;20
Puzzle Voluptatem;03/02/2025;1;23648.4;West;4176.79;15
Smartwatch Saepe;18/06/2024;3;23579.1;West;4793.63;5
Wall Art Quasi;07/02/2025;2;23518.4;South;3438.62;5
Oil Mollitia;29/02/2024;5;23496;West;1329.73;0
Women's Wear Sapiente;26/08/2025;1;23469.6;East;5250.97;20
Board Game Omnis;20/04/2025;2;23461.2;West;1481.05;0
Football Eos;27/01/2024;2;23441.3;West;4454.78;15
Cookware Set Nisi;09/04/2024;2;23376.7;South;5552.74;20
Biography Similique;08/01/2025;2;23366.4;West;3269.92;0
Juicer Odio;14/12/2023;1;23237;East;3226.67;15
Wheat Sint;17/10/2024;3;23233.2;North;1549.6;10
Action Figure Mollitia;01/03/2025;1;23163.85;West;1717.34;10
Lamp Id;02/05/2024;2;23029.9;North;2474.98;15
Football Placeat;08/01/2025;1;22984.2;East;1658.79;20
Fiction Ad;15/12/2024;1;22975;East;3383.11;10
Cookware Set Hic;15/04/2024;1;22947.2;North;4436.45;10
Puzzle Saepe;28/12/2023;1;22924.45;South;4044.19;20
Wheat Eaque;18/09/2025;1;22918;South;4916.15;5
Action Figure Voluptatem;03/09/2024;1;22916;East;1924.59;15
Wheat Soluta;01/11/2024;5;22890;South;2739.12;5
Doll Hic;09/12/2024;4;22883.6;North;5031.02;5
Cookware Set In;17/02/2024;3;22876.95;East;4882.74;0
Clock Nam;26/06/2025;1;22873.5;West;5134.3;10
Camera Laborum;10/06/2024;1;22865;North;1980.35;20
Wall Art Molestiae;05/06/2025;2;22805.5;South;1500.7;20
Headphones Laboriosam;11/08/2025;3;22778.4;West;1824.18;5
Cricket Bat Sit;19/02/2024;1;22765;West;3158.12;20
Kids Wear Eum;17/04/2025;1;22723;South;3015.02;20
Shoes Consectetur;08/06/2024;1;22712;South;2991.34;10
Rice Illo;25/05/2024;1;22707.9;South;2207.4;10
Board Game Quis;22/11/2023;1;22705.6;West;1707.73;10
Football Maiores;13/02/2024;1;22703;East;4318.76;10
RC Car Animi;29/05/2024;2;22701.2;South;5387.57;5
Bed Quaerat;01/03/2024;2;22673.6;South;5175.97;20
Cookware Set Magni;20/07/2025;1;22617.6;South;1518.06;20
Mobile Distinctio;01/10/2025;5;22576;West;4206.17;5
Kids Wear Voluptatem;02/04/2025;1;22562.4;South;4482.2;15
Foundation Consequuntur;30/10/2023;4;22544;East;5288.58;5
Cookware Set Occaecati;10/04/2024;2;22496.1;North;2505.09;15
Bed Quaerat;14/06/2025;2;22486;West;2266;20
Vase Ullam;07/10/2024;1;22466.35;East;1244.25;15
Microwave Possimus;29/12/2023;2;22444.2;East;1748.38;10
Rice Quis;24/08/2024;1;22349.7;North;2813.7;20
Perfume Alias;20/01/2024;4;22348;West;2065.85;10
RC Car Cupiditate;14/06/2024;1;22338.4;South;1361.3;5
Fiction Neque;29/03/2025;2;22325;North;4532.09;0
Juicer Ullam;11/07/2025;3;22318.35;East;5354.13;0
Yoga Mat Repellat;24/07/2024;1;22307.9;East;2350.07;0
Vase Debitis;04/12/2023;4;22260;South;3227.59;0
Action Figure Deserunt;24/10/2024;4;22240.8;East;1545.38;20
Wall Art Nihil;08/08/2024;2;22100;South;3823.32;10
Bed Dicta;10/10/2024;3;22077.6;West;3220.79;15
Puzzle Dolores;16/02/2024;1;21997.15;West;2045.29;20
Cushion Ratione;06/10/2023;1;21994.2;East;5463.56;15
Football Dolore;28/08/2024;2;21979.8;West;2177.63;10
Table Nam;15/10/2024;1;21883.25;West;2729.64;5
Shoes Consequuntur;06/06/2025;2;21851.8;North;5341.2;5
Football Est;03/06/2024;1;21845.85;East;2165.71;5
Table Sequi;08/10/2023;5;21772;West;1774.64;5
Cookware Set Harum;07/05/2025;3;21751.5;East;3356.24;0
Bed Ab;30/08/2025;1;21737.6;East;4453.6;10
Yoga Mat A;17/08/2024;2;21669.5;East;2977.36;15
Table Ab;25/02/2025;1;21650;West;1194.52;10
Action Figure Quos;10/07/2025;1;21629.6;South;5064.13;5
Kids Wear Magni;06/10/2023;2;21578.4;South;1440.36;0
Clock Necessitatibus;02/03/2024;4;21528;South;1168.16;5
Cabinet Ullam;01/09/2025;1;21520.8;South;1786.22;0
Cookware Set Harum;11/02/2025;4;21500;North;3932.93;15
Non-Fiction Perferendis;04/07/2024;5;21484.25;South;3028.34;10
Face Cream Consequatur;09/09/2025;2;21459.2;North;3353.32;10
Lamp Voluptas;01/10/2025;3;21438;West;3306.51;5
Puzzle Quis;30/10/2024;2;21426.3;North;3629.78;20
Lipstick Beatae;14/06/2025;2;21420;East;2771.97;0
Chair Quisquam;22/11/2023;1;21404.7;East;3877.56;5
Cricket Bat Minima;09/01/2025;1;21397.5;North;1453.83;10
Table Animi;06/05/2025;5;21370.25;West;4191.3;5
Wall Art Culpa;08/01/2024;1;21343.2;West;2122.3;10
Wall Art Aspernatur;17/04/2024;1;21299;East;3062.26;5
Men's Wear Deleniti;18/11/2024;3;21184.2;South;3520.75;15
Football Ea;24/01/2024;5;21175.5;South;3963.23;20
Vase Necessitatibus;02/06/2024;2;21146.3;West;4550.13;0
Table Amet;17/04/2024;1;21119.2;South;3370.88;20
Comics Qui;05/05/2024;1;21057.05;West;1398.89;20
Cookware Set Eveniet;24/06/2025;1;21014.1;West;2000.53;5
Shampoo Minus;06/10/2023;5;21006;West;1257.33;15
Cabinet Quasi;01/07/2025;2;20972.8;East;2193.88;20
Face Cream Corrupti;07/07/2024;1;20960;South;2875.86;5
Shoes Possimus;16/01/2024;4;20932;East;3998.28;15
Wall Art Saepe;28/05/2025;3;20854.8;West;3448.12;15
Puzzle Consequuntur;30/10/2023;1;20848.8;South;3135.98;5
Non-Fiction Quod;18/04/2025;1;20838;West;5084.45;15
Non-Fiction Nemo;07/03/2025;1;20833;South;4424.95;15
Action Figure Placeat;09/12/2024;1;20828;East;2957.26;10
Table Expedita;01/04/2025;3;20825.85;South;3866.48;15
Table Nulla;12/09/2024;1;20791.7;South;5177.42;15
Football Magni;09/08/2024;2;20680;South;3091.38;0
Kids Wear Natus;05/01/2025;2;20651.1;West;4118.7;20
Accessories Rem;26/01/2025;3;20613.6;North;2863.97;20
Face Cream Necessitatibus;22/06/2024;5;20605;North;2931.88;15
Microwave Excepturi;21/06/2024;4;20604;West;2815.48;15
Perfume Optio;05/11/2023;1;20516.8;East;4653.55;10
Tennis Racket Veritatis;30/01/2025;2;20485.8;South;2609.18;0
Spices Eos;01/01/2024;1;20378.4;East;3782.89;0
Oil Recusandae;03/01/2025;1;20292;East;3546.66;5
Textbook Beatae;13/01/2024;2;20274;North;1362.93;0
Lamp Culpa;05/05/2025;1;20244;North;5010.18;10
Dumbbells Odio;02/04/2024;3;20235;West;1635.15;10
Wheat A;04/04/2025;2;20165.4;North;3987.05;10
Foundation Fugiat;31/01/2025;2;20121;West;1752.21;20
Cookware Set Dolores;13/12/2023;1;20116.25;East;3692.27;15
Face Cream Voluptatum;11/04/2024;3;20109.6;North;1613.25;20
Cushion Sed;07/07/2025;3;20100;West;2810.24;20
Puzzle Nulla;23/06/2024;2;20072;North;2542.42;20
Foundation Iusto;02/08/2025;2;20064;West;1988.7;5
Kids Wear Commodi;09/11/2023;3;20009.85;North;1604.55;0
Lamp Sed;28/10/2023;2;20008.9;West;1003.16;10
Microwave Eveniet;15/07/2025;2;19969.2;West;4050.75;10
Wheat Laboriosam;17/10/2023;1;19910.4;North;3164.1;10
Kids Wear Fugit;08/09/2025;1;19871;East;1381.21;15
Foundation Corporis;25/08/2025;4;19849.6;South;3653.93;20
Tennis Racket Reprehenderit;26/07/2024;3;19821.6;West;4289.46;5
Fiction Nesciunt;19/10/2024;1;19719.15;South;4085.38;10
Rice Aperiam;08/02/2024;1;19714.4;South;3850.45;0
Doll Nemo;26/09/2025;1;19651.7;South;3465.12;5
Face Cream Facere;27/02/2024;2;19646;South;1444.45;20
Action Figure Iste;02/07/2025;3;19586.55;West;4318.6;0
Juicer Nostrum;07/05/2024;1;19561.5;West;4391.08;5
Fiction Eligendi;16/09/2024;1;19545.6;South;1103.52;20
Vase Molestiae;24/11/2023;1;19506;South;2911.1;0
Sugar At;08/11/2024;1;19470.1;North;2548.3;15
Face Cream Repellat;13/10/2024;2;19402.2;East;4298.75;0
Men's Wear Molestias;06/08/2024;1;19394;South;2147.59;0
Sugar Reiciendis;28/11/2023;1;19369;East;1170.51;10
Biography Nesciunt;18/05/2025;3;19346.85;North;4309.89;5
Camera Atque;23/06/2025;1;19236.8;West;1484.91;10
Textbook Quam;29/09/2025;3;19231.8;North;2133.85;20
Non-Fiction Vitae;29/07/2024;1;19231.8;South;1600.32;5
Mobile In;05/09/2024;1;19193;South;1298.16;20
Sugar Quisquam;13/03/2025;1;19192;West;3002.24;20
Biography Praesentium;24/03/2025;5;19174.5;East;1273.76;15
Dumbbells Nesciunt;20/02/2024;1;19167.2;West;1979.73;10
Laptop Tenetur;16/12/2023;2;19066;South;4208.46;10
Clock At;17/11/2024;2;19016;North;4632.78;15
Lipstick Eveniet;28/08/2024;2;19015.2;East;4365.82;20
Men's Wear Non;23/02/2024;2;18964;South;3502.53;10
Cricket Bat Harum;27/02/2024;1;18941.4;West;4681.16;20
Cookware Set Maiores;22/09/2025;1;18913.55;North;2259.66;15
Wall Art Officia;05/07/2024;1;18905.95;North;3976.94;15
Face Cream Ipsam;09/03/2024;5;18861.5;West;3782.64;15
Laptop Consequuntur;31/12/2024;1;18787.2;West;3486.09;0
Textbook Doloribus;02/10/2025;4;18745.2;West;3954.92;20
Wheat Sed;18/03/2025;1;18745.05;North;1463.16;0
Lipstick Occaecati;12/10/2023;1;18730.4;West;2265.41;0
Football Commodi;08/11/2024;1;18676;East;977.31;0
Microwave Provident;03/11/2024;5;18658;East;1585.91;5
Non-Fiction Impedit;13/11/2023;3;18630;East;1718.23;5
Men's Wear Nobis;15/10/2023;1;18574.2;East;3472.99;0
Lipstick Tempora;07/03/2024;1;18558.4;East;2110.66;0
Vase Vitae;04/10/2023;3;18518.4;East;2273.75;5
Kids Wear Accusamus;14/04/2025;5;18453.5;West;1982.56;10
Bed Dolorem;10/07/2024;5;18400;North;970.7;5
Wheat Necessitatibus;04/02/2024;1;18347.25;North;2938.7;20
Kids Wear Exercitationem;29/08/2024;5;18328;North;2717.3;5
Foundation Totam;06/02/2024;1;18325.5;North;2830.27;15
Cricket Bat Placeat;22/11/2024;2;18284.4;North;2902.96;0
Cricket Bat Consequuntur;15/02/2024;1;18238.45;West;1272.49;0
Table Ipsa;24/10/2023;4;18208;East;3976.68;0
Oil Ullam;23/08/2024;1;18085.6;West;2273.32;0
Mobile Beatae;23/07/2025;1;18079.45;East;3429.94;5
Bed Pariatur;02/03/2024;1;18065.7;East;4015.11;0
Clock Corporis;21/03/2025;2;18037.8;South;1793.94;10
Fiction Fugiat;01/04/2024;2;17985.4;East;1606.5;20
Spices Nostrum;01/12/2023;4;17978.4;East;2589.61;5
Spices Reiciendis;28/03/2024;3;17949.6;East;2704.4;0
Doll Sit;21/03/2024;1;17904;South;2671.04;15
Lamp Tempore;01/09/2024;1;17898.4;West;1548.95;0
Sofa Vero;30/12/2024;3;17788.8;South;979.48;20
Cushion Corrupti;06/11/2023;3;17787.6;North;1038.98;5
Vase Necessitatibus;16/05/2025;2;17748;East;4403.6;15
Microwave In;09/05/2025;2;17685.2;East;4267.22;10
Sugar Ipsum;26/03/2024;2;17615.4;East;3322.79;0
Cabinet Nihil;11/09/2025;1;17599;South;1392.83;5
Kids Wear Itaque;01/09/2024;1;17553.15;East;3344.4;10
Oil Mollitia;10/11/2024;2;17492;West;1972.22;15
Microwave Eius;27/03/2025;2;17479.8;East;2640.87;5
Comics Quibusdam;03/12/2024;1;17459.1;West;1487.91;0
Juicer Debitis;30/05/2025;2;17443.7;South;2353.12;5
Juicer Aperiam;17/03/2025;5;17442;North;3055.07;15
Bed Molestiae;06/10/2023;3;17433.9;East;3456.69;5
Vase Rem;14/10/2024;5;17419.5;East;1304.37;5
Foundation Deserunt;15/06/2024;2;17398.3;East;3437.35;15
Vase Totam;30/08/2025;1;17371.8;South;1821.16;10
Cricket Bat Dolore;05/04/2024;3;17370.6;East;4006.36;15
Cookware Set Corporis;10/12/2024;1;17341;South;2656.37;20
Chair Quo;11/01/2025;1;17300.05;West;1476.21;15
Dumbbells Eveniet;30/03/2025;3;17250;North;3349.12;10
Cookware Set Doloremque;24/08/2025;2;17217.6;North;4139.82;0
Camera Sequi;31/05/2024;3;17202;East;2623.45;15
Table Commodi;17/09/2025;1;17156;South;2423.59;20
Action Figure Pariatur;25/07/2024;2;17149.6;North;1071.1;0
Shoes Asperiores;23/05/2024;4;17126.4;South;1853.44;0
Foundation Temporibus;22/09/2025;2;17120;East;1933.29;5
Face Cream Recusandae;15/10/2024;4;17054.4;South;2561.68;10
Biography Facere;02/10/2024;2;17005.1;East;2554.96;15
Sofa Exercitationem;18/04/2024;1;16997;North;2959.07;15
Cushion Ad;21/05/2025;4;16960;West;2057.37;15
Women's Wear Aperiam;07/01/2024;1;16946.45;North;2578.7;5
Laptop Numquam;04/08/2025;5;16923.5;East;2826.72;0
Sofa Aut;13/08/2025;1;16861.45;North;1842.75;15
Dumbbells Accusamus;25/08/2024;2;16858.7;East;2506.08;0
Juicer Cum;30/07/2025;1;16791.75;West;1036.5;5
Yoga Mat Maxime;24/07/2024;5;16781.75;South;2231.33;0
Camera Expedita;06/04/2025;1;16770.5;South;3416.82;15
Dumbbells Illum;17/12/2023;1;16696.25;North;1664.8;15
Headphones Nam;11/11/2024;1;16681.6;West;2362.07;5
Cookware Set Beatae;23/10/2024;3;16644;East;2668.12;0
RC Car Quaerat;16/02/2025;4;16642.8;South;878.41;5
Refrigerator At;25/08/2025;1;16640.8;North;2572.78;10
Vase Quia;15/06/2025;2;16561.4;North;3249.54;20
Shampoo Nisi;08/04/2025;5;16552;North;3141.34;15
Fiction Itaque;18/10/2023;3;16551;West;1712.4;10
Mobile Culpa;12/04/2025;1;16549.95;South;856.38;5
Laptop Consectetur;04/01/2024;3;16547.1;East;1376.82;15
RC Car Qui;19/08/2024;1;16509.1;East;3057.67;10
Camera Quod;11/07/2024;3;16421.4;South;2105.21;10
Sofa Occaecati;26/08/2025;1;16402.7;West;1077.72;0
Comics Voluptatibus;08/09/2024;3;16358.25;East;1430.73;0
Lamp Exercitationem;02/12/2023;2;16344;South;3724.06;15
Tennis Racket Atque;13/02/2025;3;16279.2;West;1772.92;20
Oil Voluptatem;10/03/2025;1;16265.9;East;906.59;15
Shoes Facere;06/04/2025;1;16259.4;South;888.36;15
Smartwatch Odit;09/12/2023;4;16252;North;3580.22;10
Juicer Iure;11/12/2023;5;16248;West;3057.16;5
Cookware Set Modi;13/06/2025;2;16233.6;North;1766.93;20
Lamp Adipisci;08/04/2024;1;16229.9;West;1241.6;10
Oil Sequi;19/03/2025;1;16219;South;2677.64;0
Accessories Culpa;02/04/2025;3;16207.8;West;3867.62;15
Mobile Laboriosam;01/05/2024;1;16150.95;North;3687.17;0
Spices Dolor;08/03/2024;2;16134.8;South;3039.15;15
Laptop Asperiores;25/10/2024;1;16053.3;South;2296.08;0
Refrigerator Veritatis;02/04/2024;1;16046;West;826.03;10
Sugar Magnam;20/08/2025;2;16017.6;South;2800.68;0
Dumbbells Velit;08/04/2024;5;15988.5;North;1038.21;10
Cookware Set Vero;29/08/2025;1;15987.65;East;3254.85;15
Smartwatch Unde;18/11/2023;1;15975;West;1906.84;0
Bed Iusto;26/06/2025;3;15938.1;East;3911.85;20
Comics Quo;21/04/2025;1;15894.4;East;1844.37;20
Table Nihil;22/02/2024;1;15855.9;East;3110.47;5
Wall Art Dolor;21/10/2023;1;15851.2;West;2303.15;15
Puzzle Consectetur;20/03/2025;1;15838.2;South;2735.84;0
Football Exercitationem;06/08/2024;1;15831.2;East;3397.26;0
Cookware Set Incidunt;14/01/2024;1;15825.6;West;3032.16;20
Dumbbells Soluta;16/11/2024;1;15786.2;West;3123.61;5
Kids Wear Aliquid;21/06/2025;1;15748;East;2754.67;20
Textbook Veritatis;17/03/2025;1;15722;East;3739.94;0
Football Eos;16/08/2024;5;15716;South;2467.77;0
Lipstick Ex;17/07/2025;1;15713;West;3340.58;5
Board Game Laudantium;06/10/2024;2;15700;West;2238.45;10
Puzzle Corrupti;04/04/2024;5;15640;East;3775.05;0
Oil Cupiditate;14/02/2024;1;15638.4;East;1947.58;5
Wheat Sint;25/03/2024;2;15589;West;3591.92;10
Sugar Sed;20/10/2024;1;15467.45;North;2999.8;0
Puzzle Tempore;17/07/2024;1;15455.7;West;3606.43;15
Football Aliquid;19/02/2025;1;15453.9;South;2299.55;20
Cabinet Natus;01/11/2024;1;15443.2;West;1764.79;10
Doll Debitis;01/08/2024;2;15434.3;North;2682.4;10
Wall Art Enim;02/12/2023;4;15415.6;South;3687;0
Kids Wear Harum;20/05/2024;1;15395.2;West;3538.69;20
Shampoo Voluptatem;09/06/2025;1;15345;North;3206.58;10
Spices Hic;22/02/2025;2;15332.3;East;1374.04;0
Lamp Repellat;10/08/2024;5;15268;East;3502.37;0
Face Cream Nemo;12/02/2025;2;15262.7;West;794.52;20
Puzzle Minus;28/05/2025;5;15214.25;South;2757.76;0
Shoes Fugit;21/02/2025;1;15175.8;West;2398.05;15
Headphones Aliquid;04/06/2025;2;15154;South;2025.72;0
Cushion Delectus;21/10/2024;1;15136.2;East;3112.38;20
Fiction Possimus;17/06/2025;2;15103.1;West;1095.15;20
Sugar Inventore;15/01/2024;5;15095;East;858.18;10
Yoga Mat Distinctio;06/07/2024;2;15075.2;North;2185.72;20
Camera Sunt;09/06/2025;5;15005.25;West;3290.52;0
Kids Wear Vero;17/11/2023;1;15001.6;East;2623.47;5
Oil Quisquam;01/02/2025;4;14972.8;East;3146.42;20
Women's Wear Magnam;18/10/2024;1;14966.4;East;2805.04;5
Rice Similique;07/08/2025;4;14877;North;2553.77;20
Non-Fiction Dicta;21/06/2024;1;14850.4;East;3463.33;0
Textbook Veniam;01/10/2025;1;14796;East;2263.34;20
Tennis Racket Repellendus;23/01/2025;2;14734;East;3181.88;15
Wheat Repellendus;12/10/2024;2;14708.8;East;1707.41;15
Cabinet Quasi;24/08/2025;2;14657.4;North;2809.2;10
Chair Iusto;06/06/2024;2;14636.8;North;3549.47;5
Cabinet Id;17/07/2024;1;14630.4;North;1675.17;15
Mixer Grinder Non;02/05/2025;5;14598;North;3173.08;5
Cookware Set Minima;03/08/2024;2;14562.2;West;2893.23;0
Mixer Grinder Sit;01/06/2025;2;14488.2;South;812.7;10
Textbook Molestiae;29/03/2024;5;14478;West;1505.68;20
Shampoo Saepe;10/05/2025;1;14436.2;East;906.84;20
Women's Wear Vel;27/01/2025;1;14412.6;North;1338.71;15
Shampoo Necessitatibus;26/08/2025;1;14402;East;3536.12;15
Table Laudantium;12/09/2024;1;14400.7;East;2296.08;15
Women's Wear Mollitia;26/01/2025;1;14394;East;2238.77;5
Yoga Mat Quam;15/10/2023;4;14384;West;2803.41;10
Action Figure Numquam;08/07/2024;3;14347.8;South;1830.28;15
Bed Odit;06/12/2024;1;14345;East;2600.55;15
Refrigerator Hic;28/04/2024;1;14320.8;South;1614.98;0
Biography Vel;17/08/2025;1;14296.5;North;1289.03;20
Table Perferendis;01/10/2025;2;14281.7;South;2480.67;0
Bed Id;08/06/2024;5;14263;West;2970.9;0
Action Figure Iure;21/02/2024;2;14211.2;South;2222.83;10
Camera Enim;12/01/2025;2;14177.6;East;1093.5;10
Wheat Voluptate;24/12/2023;2;14160.7;North;3203.36;20
Cushion Voluptates;04/01/2024;1;14133;West;3000.83;5
Board Game Veniam;13/05/2024;1;14101.5;North;753.61;10
Clock Natus;19/04/2025;1;14065.8;West;2099.9;15
Chair Sint;03/03/2024;4;14059;East;765.58;5
RC Car Illo;25/10/2024;1;14051.2;West;3117.82;10
Action Figure Laboriosam;21/09/2025;5;14050.5;North;1904.21;5
Clock Minima;07/04/2024;1;14010;South;749.88;5
Oil Aliquam;18/06/2024;3;13970.7;South;1271.72;10
Sugar Nulla;23/06/2024;3;13930.65;East;2507.65;5
Biography Dignissimos;26/01/2024;1;13776;North;1016.55;20
Shoes At;02/03/2025;1;13768;West;1659.48;10
Cricket Bat Molestias;02/11/2023;4;13729.4;South;830.97;5
Biography Odit;10/06/2025;3;13716;South;2129.1;15
Women's Wear Asperiores;07/12/2023;1;13664;South;2634.79;20
Oil Earum;01/03/2025;1;13630;South;1198.07;10
RC Car Possimus;04/07/2025;1;13624.8;South;2127.12;10
Biography Consequatur;11/08/2024;2;13618;North;1033.23;0
Men's Wear Cumque;24/01/2024;1;13617.6;West;1112.25;5
Shampoo Voluptate;15/06/2025;3;13603.2;North;1038.67;5
Clock Dolor;09/09/2024;1;13598.1;South;2934.86;10
Oil Odio;07/09/2025;4;13590;North;1234.71;5
Microwave Odio;02/09/2025;3;13572;North;3385.77;0
Yoga Mat Nam;24/08/2024;1;13561;East;1296.86;5
Mobile Illo;30/11/2023;3;13545;West;2465.9;10
Sugar Iste;11/05/2025;4;13487.8;East;3316.26;10
Rice Cum;09/03/2025;1;13461.3;East;911.03;15
Comics Praesentium;06/01/2024;4;13455.8;North;1836.71;15
Doll Dolorum;20/02/2024;3;13406.4;North;3144.07;10
Mixer Grinder Iste;29/05/2024;1;13377;West;1758.03;15
Non-Fiction Recusandae;25/09/2025;1;13361.6;South;2754.76;10
Smartwatch Tempora;09/10/2023;1;13158.4;East;2993.92;15
Foundation Ad;02/12/2023;1;13079.2;South;2485.08;5
Foundation Aperiam;16/01/2024;3;13060.8;North;1476.31;0
Refrigerator Pariatur;16/11/2024;4;12992.2;West;2331.46;10
Laptop Sit;16/08/2025;1;12992;North;1717.93;10
Smartwatch Numquam;13/01/2025;3;12979.2;West;801.44;20
Sugar Cupiditate;08/10/2023;5;12966.75;West;1413.68;0
Accessories Veritatis;19/07/2025;1;12934.8;South;2380.71;20
Smartwatch At;27/08/2025;1;12915.25;East;1869.58;0
Kids Wear Nesciunt;23/01/2024;1;12909;North;1655.08;15
Tennis Racket Adipisci;23/08/2025;2;12908.8;South;2209.07;5
Oil Autem;06/04/2024;1;12813.6;North;2570.9;15
Dumbbells Culpa;21/08/2024;2;12774.6;North;2747.63;20
Juicer Rem;02/03/2024;2;12767;North;2840.49;5
Comics Dolorem;15/09/2024;2;12702;East;924.79;10
Non-Fiction Molestiae;22/05/2025;1;12663.2;West;3023.33;20
Sugar Cupiditate;09/05/2025;3;12614.4;West;1472.03;10
Sofa Nam;16/06/2024;2;12596.8;West;2502.94;10
Shampoo Magni;06/09/2024;3;12571.5;East;1698.86;5
Face Cream Facilis;13/04/2024;1;12556.15;West;3052.31;20
Accessories Animi;18/02/2024;1;12509.45;East;2311.81;20
Dumbbells Voluptatem;25/12/2023;1;12463;South;2373.57;10
Yoga Mat Eaque;03/07/2024;1;12432.1;South;1605.82;10
Cricket Bat Et;09/03/2024;1;12425.05;South;2530.81;10
Chair Voluptate;17/02/2025;2;12420.3;East;667.01;10
Kids Wear Magnam;11/02/2024;4;12410.8;West;2481.81;15
Mixer Grinder Minus;27/03/2024;1;12396.8;West;915.96;15
Cookware Set In;14/12/2023;2;12367.8;North;2120.75;15
Action Figure Mollitia;18/10/2023;1;12301;West;2273.16;0
Tennis Racket Laboriosam;23/10/2023;1;12276.55;North;1865.77;10
Fiction Corporis;24/06/2024;1;12262.1;South;2482.72;0
Vase Quo;30/06/2025;1;12215.35;North;1679.02;10
Yoga Mat Id;23/03/2025;1;12200.4;North;1992;20
Foundation Similique;13/05/2024;5;12195;West;1602.1;15
Women's Wear Temporibus;01/04/2024;1;12184.7;East;2897.18;10
Cookware Set Repellendus;10/05/2025;1;12113.45;West;2677.52;0
Comics Voluptates;30/11/2024;1;12113.1;West;2407.52;20
Clock Quisquam;09/05/2025;2;12104;South;2075.98;15
Shampoo Dolore;01/07/2025;5;12032;North;942.93;5
Accessories Dolorem;08/01/2024;1;12030.4;East;2409.33;20
Textbook Quo;09/12/2024;1;11988.4;South;1637.8;15
Mobile Deserunt;17/03/2024;4;11985.2;North;2016.93;15
Non-Fiction Repellat;18/03/2025;4;11954.8;East;2797.54;0
Bed Quos;20/04/2024;3;11947.2;West;2098.58;0
Shoes Earum;26/06/2025;4;11936;West;2485.2;20
Football Sunt;14/08/2025;4;11916;North;2161.18;20
Microwave Necessitatibus;03/11/2023;1;11869.3;East;1559.81;0
Women's Wear Voluptatum;25/02/2024;3;11851.2;West;654.08;20
Action Figure Dolore;12/12/2023;3;11823.3;East;2567.66;10
Dumbbells Sed;08/03/2025;2;11643.2;North;915.62;20
Men's Wear Fugit;06/06/2025;3;11639.4;East;1429.58;0
Action Figure Ducimus;12/07/2024;1;11565.3;South;969.43;15
Shampoo Odit;22/04/2024;1;11493.6;South;2353.37;10
Lipstick Repellat;06/04/2024;4;11433.6;North;2047.15;20
Mobile Vitae;08/05/2024;1;11335.6;South;2562.19;0
Table Excepturi;24/11/2024;1;11265.1;South;670.04;15
Non-Fiction A;19/01/2024;1;11259.1;West;949.98;10
Dumbbells Provident;01/03/2025;1;11222.55;East;1010.4;10
Biography Facere;11/04/2024;1;11212.35;North;1889.64;20
Laptop Deserunt;28/06/2025;1;11208;East;2672.37;15
Foundation Sapiente;23/09/2025;2;11200;East;1427.14;15
Women's Wear Provident;17/05/2025;2;11170;North;1666.62;15
Dumbbells Odio;21/03/2024;2;11109.5;North;1550.18;10
Wheat Atque;08/09/2024;4;11080.8;North;1350.43;15
Cabinet Quos;18/04/2025;2;10965;South;1855.69;15
Biography Impedit;22/01/2025;2;10963.2;South;1956.68;10
Lamp Tempore;04/07/2025;1;10947.15;South;1290.34;20
Clock Modi;15/12/2024;1;10908;East;652.25;5
Kids Wear Cumque;26/09/2024;1;10892.7;North;690.99;15
Biography Ullam;04/05/2025;1;10884;East;721.1;15
Clock Placeat;15/06/2024;1;10839.2;North;677.38;20
Bed Culpa;13/01/2024;1;10814.4;South;641.61;15
Accessories Aliquid;10/03/2024;1;10808;South;2068.08;0
Textbook Praesentium;17/08/2025;4;10736;South;1916.53;15
Shampoo Fuga;23/06/2025;2;10715.2;North;861.74;10
Men's Wear Recusandae;08/05/2025;3;10648.8;East;1935.99;0
Men's Wear Quos;16/01/2025;1;10635;East;1958.69;10
Dumbbells Sunt;27/07/2024;2;10512.7;North;2381.96;5
Smartwatch Dolorum;31/12/2024;3;10495.2;North;1731.13;10
Non-Fiction Illum;27/05/2024;2;10451.2;West;1097.78;15
Action Figure Vitae;19/08/2025;1;10441.8;East;1760.2;10
Shampoo Eveniet;01/09/2024;3;10402.5;South;2259.5;20
RC Car Labore;17/06/2024;3;10401.6;West;2317.08;15
Non-Fiction Pariatur;12/05/2025;1;10381.6;East;1938.25;0
Yoga Mat Quod;05/11/2024;2;10375.2;East;1395.4;10
Oil Cumque;24/01/2025;5;10375;South;2097.99;15
Lipstick Ea;08/04/2025;4;10362.6;East;703.11;20
Cookware Set Commodi;24/12/2024;1;10346.45;East;1096.09;0
Bed Doloremque;29/09/2025;2;10311.3;East;1231.23;15
Refrigerator Modi;19/09/2025;1;10276.2;South;706.96;20
Rice Nam;09/03/2024;2;10270.8;South;1939.53;15
Cricket Bat Impedit;09/02/2025;1;10161.6;East;1589.45;10
Rice Officia;02/12/2024;4;10131.2;South;758.31;10
Mixer Grinder Illo;27/05/2025;5;10106.5;West;2266.82;20
Microwave Quia;12/11/2023;2;10030;East;1721.21;0
Headphones Deleniti;12/01/2025;3;10023.45;North;1456.11;5
Football Exercitationem;22/08/2024;1;10018.95;South;2342.42;15
Fiction Amet;16/02/2024;5;9970.25;North;790.76;0
Chair Porro;17/12/2024;1;9962.65;East;1500.22;10
Sofa Saepe;07/07/2024;4;9944;West;1778.2;15
Vase Iusto;06/04/2024;2;9894.6;West;825.78;20
Wheat Nemo;31/01/2024;1;9894;West;1105.99;20
Chair Vero;28/10/2024;4;9863.4;North;1198.77;5
Headphones Repudiandae;27/05/2024;3;9843.9;West;2318.43;20
Football Dignissimos;28/09/2024;3;9828;West;879.17;20
Lipstick Autem;27/12/2024;3;9786.9;North;2213.15;0
Mixer Grinder Tenetur;16/09/2025;1;9732.6;West;2029.13;0
Yoga Mat Et;05/01/2024;1;9722;South;2292.47;10
Vase Ducimus;08/10/2024;3;9688.8;West;1864.06;10
Puzzle Quaerat;05/09/2024;2;9658;South;2285.31;20
Oil Corporis;14/03/2024;5;9644;North;693.05;20
Doll Sit;11/08/2024;3;9639;East;2116.57;20
Face Cream Mollitia;18/10/2024;1;9568.4;South;1572.71;15
Cookware Set Earum;10/04/2024;3;9544.65;South;794.85;5
Cabinet Doloribus;25/02/2024;1;9523.2;South;1643.52;5
Cookware Set Incidunt;28/02/2024;1;9504.7;South;1019.75;10
Women's Wear Ipsa;22/08/2024;4;9478.4;South;583.27;15
RC Car Aliquid;31/01/2024;3;9456;West;692.86;15
Puzzle In;10/06/2025;4;9435.6;West;1980.41;15
Yoga Mat Quibusdam;27/02/2024;5;9413.75;North;563.21;5
Men's Wear Aliquid;02/05/2025;1;9384.3;West;925.1;0
Fiction Officiis;09/02/2024;2;9347.2;East;861.5;20
Perfume Earum;11/03/2025;5;9283.5;East;2311.55;0
Shampoo Vero;10/01/2024;4;9279.6;South;1874.3;5
Clock Animi;21/08/2024;3;9236.1;East;2038.38;15
Dumbbells Voluptates;07/10/2023;1;9223.2;North;789.51;15
Women's Wear Officiis;28/09/2025;1;9133;East;813.5;5
Bed Tempora;23/07/2025;4;9075.6;East;1480.11;20
Spices Laudantium;13/06/2025;2;9070;North;1768.79;0
Biography Corrupti;16/03/2025;2;9055.4;North;990.64;20
Table Quasi;20/10/2023;1;9015.5;East;714.35;5
Kids Wear Deleniti;08/09/2024;4;8998.4;South;1891.32;5
Cushion Reprehenderit;23/12/2024;1;8912.9;South;547.48;20
Lipstick Reprehenderit;29/06/2024;5;8863.5;East;919.86;15
Bed Distinctio;26/10/2024;1;8844.5;South;502.84;10
Wheat Nam;16/10/2023;4;8841.6;North;1589.25;10
Headphones Non;02/03/2025;2;8831.5;North;890.88;5
Kids Wear Sapiente;22/09/2025;1;8780.8;North;2061.91;20
Sofa Sed;18/04/2025;1;8771.15;North;1189.05;15
Men's Wear Quaerat;13/06/2025;2;8731.2;North;1345.23;10
Women's Wear Distinctio;02/11/2023;1;8587.8;West;2055.5;20
Women's Wear Optio;13/07/2025;5;8521.5;North;1574.14;5
Fiction Officiis;12/07/2024;3;8501.55;East;1069.73;15
RC Car Blanditiis;30/05/2025;2;8467.7;North;2114.6;10
Comics Quam;22/11/2023;1;8465.45;West;1696.03;0
Men's Wear Quod;07/04/2025;2;8438.4;East;817.39;10
Lipstick Deleniti;15/08/2025;1;8435;West;1710.32;10
Board Game Deleniti;05/06/2025;4;8420;West;711.7;15
Sofa Pariatur;19/06/2024;4;8398;East;1172.19;15
Shoes Ad;13/01/2025;1;8308.8;East;1405.77;5
Foundation Illo;22/04/2025;1;8276;East;537.47;15
Action Figure A;01/07/2025;5;8245;West;1354.71;0
Comics Corrupti;08/07/2025;1;8213.4;East;871.79;15
Juicer Enim;04/06/2025;1;8163.4;West;1970.05;10
Biography Dolores;09/03/2024;4;8151;North;1529.43;10
Face Cream Voluptates;14/05/2024;4;8143;East;727.83;20
Kids Wear Dolorem;12/10/2024;1;8115.8;West;773.53;15
Doll Corporis;05/08/2025;2;8011.2;West;1968.74;10
Textbook Provident;28/08/2024;1;7971.3;East;1877.65;0
Wheat Fugit;12/06/2024;2;7909.7;East;1749.96;15
Cookware Set Quos;09/03/2025;2;7902;South;1776.57;15
Shoes Soluta;30/11/2023;1;7900.2;West;1120.68;15
Kids Wear Reprehenderit;14/02/2024;2;7898.3;North;1119.21;10
Textbook Placeat;27/03/2025;2;7870;East;844.48;5
Cabinet Aperiam;19/12/2023;1;7817;West;588.04;10
Cushion Explicabo;18/08/2025;2;7782;North;1097.42;15
Laptop Sit;19/05/2025;1;7779.2;West;1282.53;0
Biography Accusamus;24/09/2024;1;7778.4;South;1211.27;20
Cabinet Est;27/12/2023;3;7773;South;1805.64;20
Perfume Dignissimos;21/01/2024;1;7720.55;West;1853.99;15
Action Figure Mollitia;22/11/2023;4;7712;West;765.58;20
Tennis Racket Ipsa;31/08/2024;3;7686.45;North;387.48;15
Lamp Ratione;30/04/2024;2;7659.2;South;1716.56;15
Mixer Grinder Doloribus;01/07/2024;1;7658.9;West;1392.85;10
Vase Quia;22/03/2025;2;7636.8;West;1172.75;10
Football Fugiat;07/05/2024;1;7634.7;East;1420.66;0
Puzzle Aliquid;14/12/2024;1;7631.1;North;1721.5;5
Sugar Laborum;08/03/2024;2;7606.8;South;514.72;5
Cushion Eaque;06/10/2023;3;7530.15;West;1491.48;15
Doll Non;15/04/2024;4;7490.2;West;447.52;15
Mobile Autem;23/04/2024;3;7452.75;West;1657.72;10
Spices Placeat;19/11/2023;4;7452;West;1691.51;20
Wall Art Odit;15/03/2025;1;7436.6;West;1019.65;0
Fiction Tempora;02/04/2024;3;7392.45;North;1076.86;0
Laptop Ipsam;25/10/2024;4;7379.6;West;1574.62;0
Men's Wear Perferendis;20/02/2024;3;7346.55;North;1261.95;20
Textbook Sunt;01/08/2025;1;7311.6;East;1572.26;0
Comics Aspernatur;05/07/2024;2;7294.4;West;695.66;5
Clock Illum;27/06/2025;1;7275.15;South;739.35;5
Table Quae;31/07/2024;1;7259;South;925.64;0
Vase Similique;20/07/2024;1;7141.6;South;1373.47;10
Women's Wear Ab;19/11/2023;1;7087;West;604.61;10
Mobile Aliquam;29/09/2024;4;7068.8;West;577.69;0
Smartwatch Suscipit;18/08/2025;2;7061.4;West;1206.4;20
Smartwatch Illo;27/02/2024;4;6956.8;East;761.33;0
Microwave Officia;22/07/2024;4;6929.2;North;895.02;20
Accessories Minima;13/10/2023;2;6908.4;North;680.26;5
Table Laudantium;19/05/2024;1;6898.4;East;677.28;15
Vase Non;24/02/2024;2;6876;West;407.36;10
Vase Et;02/10/2025;5;6863.75;North;1180.7;20
Comics Non;02/12/2023;1;6848.55;South;1196.98;0
Accessories Soluta;13/11/2023;1;6845.7;North;375.3;15
Smartwatch Nostrum;19/06/2025;4;6836;South;1085.47;5
Laptop Reprehenderit;10/12/2024;5;6745;West;1631.05;20
Laptop Placeat;04/05/2025;5;6736.25;East;1648.68;0
Puzzle Ex;04/04/2024;1;6722.4;North;1422.03;15
Comics Distinctio;02/05/2025;2;6645.6;South;916.28;10
Cricket Bat Quia;09/06/2025;5;6642;South;1543.86;0
Mobile Dolores;23/09/2025;1;6595.85;North;1541.94;10
Headphones Autem;30/05/2024;1;6586.4;North;1144.54;5
Lipstick Voluptates;21/01/2024;1;6584.1;West;508.44;15
Comics Similique;23/12/2023;3;6573.6;North;1124.32;10
Shampoo Vero;02/01/2024;1;6543;East;424.27;20
Dumbbells Ab;16/10/2024;1;6503.4;West;1113.73;5
Mobile Corrupti;27/02/2024;3;6458.4;South;1535.57;15
Yoga Mat Eum;04/10/2023;1;6458.4;North;724.54;5
Microwave Ad;07/01/2025;1;6431.2;North;803.22;20
Sofa Deleniti;11/12/2024;1;6379.25;East;1079.14;15
Wheat Doloribus;15/11/2023;2;6368.4;South;1308.71;0
Sugar Nesciunt;07/05/2024;3;6354;North;1116.94;20
Biography Neque;16/11/2024;1;6343;West;870.73;10
Rice Nostrum;23/02/2025;1;6318.05;East;917.93;5
Spices Doloremque;30/06/2025;3;6298.5;South;1099.96;0
Laptop Amet;25/04/2025;1;6284;West;888.46;10
Action Figure At;26/11/2023;1;6262.4;East;1313.16;20
Kids Wear Molestiae;01/10/2025;2;6235.2;West;1298.19;0
Non-Fiction Omnis;23/07/2025;4;6228;West;749.58;10
Rice Ipsam;20/05/2024;2;6209.6;North;685.22;5
Cushion Error;06/03/2025;1;6175.8;South;376.16;20
Women's Wear Soluta;29/08/2025;3;6171;East;856.03;10
Puzzle Temporibus;29/10/2023;5;6170.25;South;1520.47;15
Sofa Sequi;12/10/2023;1;6158.7;South;1493.5;5
Mixer Grinder Dicta;25/06/2025;1;6004.4;South;884.52;10
Mobile Itaque;21/06/2025;1;5985.6;South;426.49;5
Camera Quas;28/11/2024;4;5977.6;East;951.24;0
Lipstick Facere;23/09/2024;1;5969.7;West;780.42;20
Board Game Deleniti;19/02/2025;3;5937.3;West;1434.68;15
Yoga Mat Aliquid;10/02/2024;3;5916;South;1167.71;20
Bed Eos;23/04/2024;5;5852;North;646.64;20
Wall Art Saepe;12/04/2025;1;5844.8;North;518.84;0
Dumbbells Veritatis;09/09/2025;1;5808;East;396.13;0
Football Atque;26/12/2023;1;5693;North;417.91;15
RC Car Accusamus;10/08/2025;1;5688.8;North;580.14;5
Shampoo Hic;30/10/2024;1;5647.2;East;1409.46;0
Puzzle Nisi;14/12/2024;1;5632.95;East;1098.24;15
Tennis Racket Recusandae;02/09/2025;2;5632;West;1115.4;5
Refrigerator Corporis;13/06/2025;2;5608.8;East;863.21;15
Tennis Racket Laboriosam;28/03/2025;2;5594.7;North;1287.79;15
RC Car Necessitatibus;06/11/2023;1;5527.8;East;923.99;0
Sofa Quod;27/10/2024;4;5348;North;1220.47;10
Sugar Dolorem;06/03/2025;5;5308;West;799.6;5
Refrigerator Commodi;15/10/2023;1;5259.2;South;580.75;0
Bed Ipsa;27/02/2025;1;5190.95;North;503.29;0
Kids Wear Pariatur;24/11/2024;1;5141;West;929.63;10
Cushion Quibusdam;08/02/2024;1;5123.35;East;820.26;5
Textbook Numquam;15/11/2023;4;5064;South;381.53;20
Women's Wear Suscipit;26/03/2025;2;5043.9;West;876.72;5
Board Game Quia;12/06/2024;5;5016;East;609.86;10
Cushion Debitis;30/11/2023;3;4975.2;West;898.96;5
Sugar Nihil;07/07/2025;5;4954.5;North;683.19;5
Men's Wear Mollitia;15/03/2024;2;4883.4;East;996.47;5
Cookware Set Consequatur;03/01/2025;1;4842;North;1158.75;5
Face Cream Quos;21/06/2024;1;4750;North;251.62;20
Fiction Numquam;21/08/2024;3;4720.05;South;383.95;15
Yoga Mat Deserunt;13/12/2024;1;4714;West;547.63;10
Men's Wear Quibusdam;15/06/2025;3;4671.6;West;729.37;20
Bed Praesentium;29/02/2024;4;4664;North;307.33;20
Laptop Perspiciatis;28/03/2025;1;4656;East;591.75;10
Chair Velit;13/01/2025;4;4564;East;461.47;5
Laptop Deleniti;07/02/2025;3;4561.95;South;782.34;0
Women's Wear Doloremque;27/09/2024;1;4555;West;459.14;10
Table In;06/12/2024;1;4553.35;North;660.33;5
Vase Quam;12/07/2025;2;4450.6;South;1050.15;15
Mixer Grinder Officiis;29/04/2024;2;4438.7;South;849.33;10
Biography Veniam;25/07/2025;2;4432;North;1076.22;0
Biography Tenetur;02/04/2024;2;4420.8;South;365.65;15
Tennis Racket Neque;25/10/2024;4;4386;West;357.47;5
Chair Tempora;19/08/2025;5;4313.75;North;858.42;0
Table Itaque;31/01/2025;4;4291.2;South;684.39;5
Cookware Set Asperiores;13/06/2025;1;4213.45;West;662.55;15
Lamp Reprehenderit;11/07/2024;1;4180;East;947.44;5
Sugar Recusandae;09/08/2024;4;4156.8;South;431.16;0
Tennis Racket Commodi;21/08/2025;4;4148;South;1007.41;5
Doll Odio;21/01/2025;2;4120;West;225.9;10
Dumbbells Quos;04/11/2024;4;4096.8;South;888.13;20
Mixer Grinder Ut;19/08/2024;5;4054.5;South;598.77;20
Football Vel;12/04/2024;1;4041.3;South;378.57;10
Table A;19/07/2024;4;4031.8;East;373.89;0
Perfume Debitis;08/07/2024;3;4023.9;North;866.73;10
Mobile Blanditiis;18/05/2025;2;4018.5;East;593.97;5
Lamp Quos;27/09/2025;1;3961.6;East;319.05;10
Foundation Alias;16/07/2024;3;3955.05;South;342.09;10
Headphones Adipisci;23/11/2023;3;3924.45;West;640.76;10
Refrigerator Asperiores;31/05/2024;5;3897;East;316.04;5
Cabinet Ducimus;19/12/2024;2;3884.8;South;607.5;20
Yoga Mat Consectetur;19/06/2024;2;3876;North;360.92;5
Men's Wear Molestias;09/03/2024;1;3839.2;East;835.12;20
Camera Eligendi;19/02/2025;2;3832.3;East;425.59;5
Lipstick Quis;11/02/2024;1;3806.1;East;494.38;20
Shoes Quisquam;08/05/2025;3;3780;West;362.71;15
Vase Fugiat;14/11/2024;1;3717.6;North;657.81;5
RC Car Quos;09/10/2024;5;3690.75;West;381.12;20
Wheat Laudantium;09/02/2025;1;3644.8;South;488.94;5
Yoga Mat Distinctio;28/07/2024;3;3600;East;499.42;10
Spices Sed;13/12/2024;4;3590.4;West;600.13;0
Mobile Laudantium;14/04/2024;5;3560;East;448.45;15
Juicer Blanditiis;13/07/2025;1;3539.4;West;242.14;0
Biography Odio;13/11/2023;2;3478.2;South;686.24;5
Shoes Nobis;07/04/2025;1;3454.2;South;503.7;15
Dumbbells Omnis;16/09/2025;2;3450;West;748.85;5
Sofa Aperiam;01/06/2024;1;3420.9;East;205;10
Football Saepe;25/09/2024;3;3388.65;West;236.43;15
Vase Natus;15/10/2023;2;3376.2;South;635.51;5
Textbook Fuga;11/05/2025;4;3350.4;East;331.93;0
Cushion Distinctio;07/09/2025;3;3345.6;South;233.48;5
Accessories Optio;14/12/2024;1;3274;South;470.21;10
Laptop A;29/06/2024;3;3161.7;North;596.3;0
Spices Fugit;13/10/2024;5;3135;South;447.89;15
Board Game Praesentium;20/09/2024;1;3114.4;South;310.74;5
Biography Sit;14/06/2025;2;3060;South;224.33;5
Oil Corrupti;07/03/2025;1;3043.2;South;637.18;10
Cushion Voluptatibus;27/09/2024;1;3009;East;173.76;0
Refrigerator Aut;28/11/2023;2;2989.8;North;549.6;10
Kids Wear Iure;17/09/2025;4;2982.4;South;712.76;20
Wheat Alias;10/01/2025;4;2820;South;459.12;5
Oil Laborum;12/04/2025;5;2745.5;North;582.89;10
Football Commodi;11/04/2025;1;2722.55;West;449.4;15
Bed Perferendis;18/03/2025;1;2715.75;South;232.76;5
Sofa Officia;24/03/2025;4;2679.2;West;444.51;20
Accessories Ipsam;06/02/2025;2;2672;West;160.18;20
Juicer Molestiae;16/05/2024;4;2668;East;611.55;15
Mixer Grinder Aliquam;30/10/2023;1;2658.8;East;362.44;15
Mobile Officiis;14/05/2025;2;2648;North;414.15;15
Yoga Mat Eveniet;31/05/2025;1;2635;East;347.17;15
Textbook Mollitia;25/08/2024;2;2616;South;175.66;15
Juicer Esse;31/10/2023;3;2513.7;East;535.45;15
Action Figure Non;17/09/2024;2;2500.8;East;417.87;5
Non-Fiction Unde;23/07/2024;1;2469;East;437.53;15
Puzzle Commodi;17/05/2025;4;2456;South;458.44;5
Kids Wear Error;19/01/2024;1;2448.15;East;219.73;15
Men's Wear Repellat;17/05/2025;5;2436;South;222.91;10
Headphones Esse;05/03/2024;5;2360;West;380.11;5
Cabinet Eos;12/12/2023;1;2347.7;North;408.21;5
Accessories Quia;25/01/2025;4;2305.2;North;563.7;0
Action Figure Qui;01/04/2025;2;2258;South;437.78;5
Sofa Dolor;07/09/2025;4;2252;East;338.47;15
Sofa Dolorum;16/07/2024;4;2230.4;East;407.92;15
Spices Corporis;03/05/2024;1;2225.6;South;263.35;10
Biography Sint;05/01/2024;1;2205.9;South;346.13;0
Oil Quam;13/02/2025;1;2204.05;West;348.96;10
Table Error;12/12/2024;3;2193;West;214.1;5
Football Maiores;19/04/2024;1;2187;South;202.04;10
Bed Ad;26/07/2025;1;2178.35;South;315.45;20
Cricket Bat Molestiae;11/04/2024;3;2109;North;523.44;10
Rice Exercitationem;18/09/2025;2;2081.6;North;134.44;0
Biography Ipsa;19/01/2024;3;2050.2;East;433.45;20
Chair Aliquid;25/03/2025;1;2029;South;264.66;20
Sofa Minus;22/03/2025;3;2019;North;148.32;20
Biography Nisi;22/04/2024;5;1995;North;290.75;15
Cushion Sint;16/01/2025;1;1956.6;South;431.19;5
Bed Sapiente;18/03/2024;1;1898.05;South;439.4;10
Refrigerator Iste;18/04/2025;1;1889.6;West;380.24;15
Shoes Eligendi;18/11/2023;2;1864;East;182.05;10
Comics Quibusdam;08/11/2024;3;1848.75;East;432.21;10
Oil Recusandae;15/05/2024;5;1763.75;West;266.47;20
Shampoo Cumque;30/03/2025;4;1691;East;358.78;5
Men's Wear Occaecati;29/04/2024;1;1665;West;289.53;15
Wall Art Ducimus;09/08/2024;1;1646.1;North;360.76;5
Cushion Quos;11/11/2023;4;1641.6;North;198.27;5
Spices Ab;17/09/2024;2;1608;East;400.6;5
Yoga Mat Est;19/05/2024;3;1591.2;West;132.58;0
Dumbbells Unde;13/03/2024;3;1537.65;North;263.86;20
Camera Et;05/12/2024;1;1536.8;West;223.69;0
Rice Alias;27/09/2024;2;1527.6;West;238.66;15
Yoga Mat Nemo;25/12/2023;1;1508;East;139.35;0
Doll Molestias;13/12/2023;4;1501.2;South;198.1;10
Smartwatch Vitae;25/11/2024;1;1468.7;West;243.86;0
Face Cream Esse;05/01/2024;1;1466.8;North;96.94;0
Shampoo Minus;06/11/2023;5;1440.75;North;190.79;5
Mixer Grinder Iure;05/05/2024;2;1384.2;North;280.89;20
Rice Tenetur;05/05/2024;3;1333.8;South;72.75;10
Action Figure Natus;29/10/2023;2;1242.7;West;114.31;15
Textbook Error;31/08/2024;1;1238.4;West;283.82;0
Comics Beatae;21/02/2024;1;1223;South;107.45;10
Refrigerator Aliquid;02/11/2024;2;1139.2;East;269.16;5
Action Figure Nobis;30/07/2025;1;1063.8;North;124.23;0
Refrigerator Corporis;17/11/2024;2;1056;South;89.97;5
Laptop Voluptas;07/03/2025;1;1041.25;South;149.55;20
Women's Wear Tenetur;26/10/2023;1;1017.45;North;146.99;15
Clock Magni;31/05/2024;2;1003;East;53.43;0
Fiction Eveniet;11/01/2024;1;981.6;East;80.45;5
Action Figure Sit;22/05/2025;1;963.9;North;111.74;20
Board Game Ea;13/02/2024;3;958.8;East;168.75;5
Mixer Grinder Atque;17/11/2023;2;917.7;South;154.02;5
Oil Quia;02/02/2024;5;912;South;169.99;0
Shoes Velit;06/05/2025;1;850.4;East;123.54;15
Wall Art Voluptatum;05/10/2024;3;828;West;88.45;15
Microwave Beatae;27/01/2024;3;823.5;North;127.44;20
Lipstick Accusantium;22/04/2024;3;792;West;151.42;5
Kids Wear Odio;05/09/2025;3;755.25;North;40.74;20
Puzzle Occaecati;12/09/2024;3;566.1;East;97.74;5
Board Game A;03/09/2024;1;539.75;West;69.23;15
Cabinet Provident;22/02/2024;1;485.1;North;112.32;10
RC Car Iure;28/05/2024;2;414;South;97.91;0
Mixer Grinder Deleniti;15/01/2024;1;374.4;North;44.57;15
Bed Ipsam;07/04/2024;1;362.1;East;73.61;0
Action Figure Dolores;23/08/2024;1;330.3;North;73.22;0
Textbook Commodi;16/03/2024;1;269.45;South;38.24;15
Face Cream Amet;25/08/2024;1;265.05;East;23.25;10
Bed Esse;04/11/2024;1;264.1;West;19.12;10
